,content,sentencelabel
0,Elégedett az eredménnyel?,0
1,"Maximálisan, a választókerületi és az országos eredménnyel egyaránt.",0
2," Sőt, mindkettő még jobb is lett, mint amit a legoptimistább pillanatomban vártam.",0
3,"Azt mondta, ahhoz, hogy a választókerületében tudjon győzni, nem fideszes szavazók is kellenek.",0
4," Az eredmény alapján sikerült őket is megnyerni, és ha igen, mivel?",0
5,"Ötvenegy százalék feletti eredménnyel végeztem, korábban senki nem kapott ekkora támogatást ebben a választókerületben.",0
6," Ez alapján sikerült megszólítani azokat is, akik nem számítanak a Fidesz törzsszavazóinak, illetve a nem fideszes szavazókat is.",0
7," Ez alapvetően két dolognak köszönhető: az egyik, hogy kizárólag a saját programomra koncentráltam, s nem mentem bele semmilyen személyeskedésbe, negatív kampányba – miközben a versenytársaim időnként övön aluli módszerekkel támadtak.",0
8," A másik tényező az lehetett, hogy nagyon gyakorlatias kampányt vittem, ügyekre koncentráltam, és nem ideológiai háborút vívtam.",0
9," Próbáltam azokkal a kérdésekkel foglalkozni, amelyek a térségben élők hétköznapi életét jobbá tehetik.",0
10," Révfülöpi mentőállomás létesítése, az ajkai kórház korszerűsítése, környezetvédelmi beruházások, útfelújítások – többek között ezek azok az ügyek, amikre a kampányban hangsúlyt fektettünk.",0
11, ,0
12, Összességében milyennek értékelte kampányt?,0
13, ,0
14,"Helyben bár nem mindig volt az ízlésemnek megfelelő a hangnem az ellenfeleim részéről, összességében mérsékelt kampány volt.",0
15," Leszámítva, hogy a finisben durva személyeskedésbe fordult; Sümegen egy engem lejárató, álfideszes szórólapot terjesztettek, aminek kapcsán a választási bizottság meg is állapította a jogszabálysértést.",0
16," Ellenfelem, Rig Lajos egyébként tegnap este felhívott, és korrekt módon gratulált nekem, és felajánlotta az együttműködését.",0
17, ,0
18,"ugyanakkor volt egy másik, nagyon fontos tényező: míg a 2006-os kampányban a baloldal árulta el a bázisát, addig 2022-ben a Jobbik tette ugyanezt.",0
19," A Jobbik összecsuklása, és a Mi Hazánk bekerülése a parlamentbe pontosan mutatja azt az identitásválságot, ami a radikális jobboldalon van – ezzel párhuzamosan pedig folytatódott a baloldal több mint tizenöt éve tartó identitásválsága is.",0
20, Szerintem mindez jelentősen gyengítette az ellenzék mozgósító erejét és politikája vonzerejét.,0
21, ,0
22,"Mit szól a kétharmadhoz, gondolta volna, hogy megint összejön?",0
23,"Megmondom őszintén, csapnivaló jós vagyok, eddig még egyszer sem számítottam kétharmadra – még 2010-ben sem.",0
24," Ám az, hogy ismét kétharmada lett a Fidesz-KDNP-nek, sőt még a 2018-asnál is erősebb eredmény született, szerintem mindenki számára vaskos meglepetés.",0
25,"Mit gondol, hogyan csapódik le ez a nemzetközi színtéren, ahol az utóbbi években sem lettek kevesebben az Orbán-kormány kritikusai?",0
26,"Nyilvánvaló, hogy pártpolitikai támadások most is lesznek a választások kapcsán.",0
27," Ugyanakkor – és ez kiderült számomra a nyugat-európai politikus ismerőseimtől kapott sms-ekből –  erre az eredményre már mindenki odafigyel, pozitív értelemben is.",0
28,"Elképzelhető, hogy Nyugat-Európában ezt azért nehéz megérteni, mert nem ismerik mélységeiben a magyar viszonyokat, hagyományokat, a történelmünket.",0
29," Szerintem ez az eredmény hozzájárul ahhoz, hogy felfigyeljenek arra: itt többről van szó, mint csupán – a gyakran használt jelzőikkel élve – nem demokratikus, totalitárius, tekintélyelvű rendszerről.",0
30, ,0
31,"Orbán Viktor nyerte a vasárnapi választást, a szavazatok 60 százalékos feldolgozottsága után már bejelentette győzelmét, így szerb kollégájához, Aleksandar Vucic-hoz hasonlóan továbbra is",0
32,– írta a The New York Times.,0
33,"A lap szerint a két politikus hatalmát a média fölötti túlnyomó kontroll és az olcsó orosz energia erősít meg, valamint, hogy kimaradnak Ukrajna háborújából.",0
34," Orbán 2010 óta Magyarország miniszterelnöke, Európa leghosszabb ideig hivatalban lévő vezetője, zsinórban negyedszer nyert mandátumot, annak ellenére, hogy az ellenzék azzal vádolta, hogy",0
35,– olvasható a cikkben.,0
36,"„Olyan nagy győzelmet arattunk, hogy talán a Holdról is lehet látni, és minden bizonnyal Brüsszelből is” – mondta Orbán beszédében.",0
37,"A The New York Times szerint az eredmények egyúttal megdöntötték Orbán politikai ellenségeinek reményét, hogy egy egységes ellenzéki tábor megtörheti az egyre tekintélyelvűbb Fidesz szorítását.",0
38,"Mint arról korábban lapunk is beszámolt, a 2022-es országgyűlési választást követően Márki-Zay Péter beszédénél sehol sem voltak „szövetségesei”, noha korábban a baloldali összefogás számos vezető politikusa (és természetesen maga Márki-Zay Péter is) úgy vélte, a hódmezővásárhelyi politikus, valamint az összefogás lehet a baloldal győzelmének kulcsa.",0
39,"Választást követő beszédében a politikus arról beszélt, szerinte nincs Magyarországon demokrácia, gratulál a Fidesznek, Hitler is kétharmaddal nyert volna 1945 áprilisában.",0
40, Erről bővebben ide kattintva olvashat.,0
41,"Korábban, az ATV műsorában Márki-Zay még úgy fogalmazott, „hatalmas esélyünk van megverni Orbán Viktort.",0
42, ,0
43,"A politkus várakozásaival szemben nemcsak kétharmados többséget (135 mandátumot) szerzett a Fidesz-KDNP, de Márki-Zay egyéniben is megbukott, Lázár János behúzta körzetét.",0
44,"Lapunk korábban arról is beszámolt, hogy Karácsony Gergely, Budapest főpolgármestere szoros küzdelemre és baloldali parlamenti többségre számított.",0
45," A főpolgármester az ATV Híradójának kérdésére azt mondta: szerinte a választáson szoros küzdelem lesz, de biztos benne, hogy az ellenzék megszerzi a parlamenti többséget.",0
46, Erről ide kattintva olvashat bővebben.,0
47,– hangsúlyozta Karácsony Gergely.,0
48, De nem állt Márki-Zay Péter beszéde alatt a politikus mögött.,0
49,"A Jobbik elnöke szombati, közösségi oldalán megosztott videójából kiderült, a politikus a baloldali összefogástól külön tartotta kampányzáróját.",0
50," Az eseményen a többek között arról beszélt, hogy Márki-Zay Péternek nem lesz könnyű legyőznie Orbán Viktort, ugyanakkor leszögezte, be kell állniuk Márki-Zay Péter mögé.",0
51, Mint fogalmazott:,0
52,"Jakab Péter, a Jobbik elnöke ennek ellenére nem állt ott Márki-Zay Péter mögött, míg a politikus beszédet tartott.",0
53, Sőt!,0
54, Az eredmények ismeretében a Jobbik elnöke is értékelte a választás eredményét.,0
55," Mint fogalmazott, Márki-Zay Péter „hat ellenzéki párt hadseregét” kapta meg az előválasztás után, és „ebből az előnyből Fideszes kétharmadot csinált”.",0
56,"– fogalmazott, hozzátéve, hogy szerinte a „kevesebb, megfontoltabb beszéd most több szavazatot hozott volna”.",0
57, Erről bővebben ide kattintva olvashat.,0
58,"Olvasóink számára emlékezetes lehet az is, amikor közös összefogásra és Márky-Zay Péter melletti kiállásra szólította fel követőit Facebook-bejegyzésében Gyurcsány Ferenc.",0
59," A DK elnöke írásában (lenti kép) azt hangsúlyozta, lassan mindenkinek meg kell értenie, hogy „vagy a hat ellenzéki párt győz, vagy a Fidesz.",0
60," Vagy Márki-Zay Péterrel győzünk, vagy senkivel.",0
61,”,0
62,"Ezzel szemben a választáson legnagyobb ellenzéki frakciót szerző Gyurcsány Ferenc sem állt ott Márki-Zay Péter mögött, a hódmezővásárhelyi polgármester beszéde alatt.",0
63, Sőt!,0
64, A DK-vezér is külön értékelte a választás eredményét.,0
65, Mint kiderült: nem volt elégedett a kapitányával.,0
66,– fogalmazott Gyurcsány Márki-Zayról.,0
67," A baloldal vezére szerint „aki a hajót viharba vezeti, aki nem éri el a kikötőt [.",0
68,.,0
69,.,0
70,] az nem a legjobb kapitány”.,0
71, Erről ide kattintva olvashat bővebben.,0
72,"Érdekesség Gyurcsány Ferenc, Karácsony Gergely, Jakab Péter, valamint a többi baloldali pártvezető távolmaradása kapcsán, hogy nemcsak lapunk, de még Baranyi Krisztina, Budapest IX.",0
73, kerületének ellenzéki polgármestere is felhívta erre a közvélemény figyelmét.,0
74, Mint a polgármester fogalmazott:,0
75,"Hadházy Ákost idézte a választások előtti, vasárnap reggeli írásában a The Telegraph, a képviselő szerint egy esetleges ellenzéki választási győzelem esetén „nem lesz tiszta átmenet”, és tartani lehet attól, hogy Orbán Viktor
miniszterelnök Donald Trump volt amerikai elnökhöz hasonlóan",0
76,"A Márki-Zay Péter ellenzéki miniszterelnök-jelölthöz közel álló Hadházy arra is rámutatott, hogy Trumphoz hasonlóan Orbán Viktor is választási csalással vádolta ellenfeleit a választásokat megelőzően, miközben a 12 éve most először szoros választási versenyre kényszerülő Fidesz azzal vádolja az ellenzéket, hogy",0
77,és „brutális” megélhetési válságot okoznának.,0
78,"Hétfő délelőtt a Telex megkérdezte Márki-Zay Pétert, hogy  felveszi-e a parlamenti mandátumát.",0
79," Az ellenzéki miniszterelnök-jelölt ugyanis listavezetőként bejutott az új parlamentbe, ám az országgyűlési képviselőség összeférhetetlen a polgármesteri poszttal.",0
80,„Hódmezővásárhelyre fogok fókuszálni” – mondta Márki-Zay Péter a Telexnek.,0
81," A kérdésre, hogy akkor tehát nem ül be a parlamentbe, azt mondta: „A vásárhelyiekért fogok dolgozni a következőkben, ",0
82,"Márki-Zay Péter nemcsak országosan szenvedett vereséget (a Fidesz 53-35-re megverte listán az ellenzéket), hanem a választókerületében, a Csongrád megyei 4-esben is alulmaradt a fideszes Lázár Jánostól:",0
83,"Ennek a választókerületnek a része maga Hódmezővásárhely is, ahol Márki-Zay most a polgármester, itt egyelőre pár száz szavazattal nyerhet Lázár, de csak a külképviseleti szavazatok megérkezése után lehet majd végeredményt hirdetni.",0
84,"Márki-Zay a helyi és az országos vereségét egyelőre nem kívánta hosszabban kommentálni, most úgy látja: nem működött az összefogás modellje.",0
85,"„A számok azt mutatják, hogy a régi Jobbikot nem sikerült megszólítani” – mondta Márki-Zay, aki szerint a 2018-as milliós Jobbik-táborból 300 ezren biztosan a Mi Hazánkra szavaztak, és szerinte a Fidesz is elvitt abból a szavazóbázisból.",0
86, „Ezek a volt Jobbik-szavazók az összefogást és ,0
87,Részletesebb elemzést és értékelést azonban csak későbbre ígért Márki-Zay Péter.,0
88,Az ukrajnai Bucsában történt incidensről fejtette ki véleményét Demkó Attila biztonságpolitikai szakértő (a felkavaró képsorok itt nézhetők meg).,0
89,"Demkó szerint az egész háború bűncselekmény, és a közvetlen felelősök Moszkvában vannak.",0
90," Úgy látja, nem kellett a háborút megindítani, semmi sem indokolta, nem volt tömeges mészárlása az orosz kisebbségnek, 2022-ben biztosan nem.",0
91,"„Ez viszont az, mészárlás” – fogalmaz a Bucsában történtekről Demkó Attila.",0
92," Hozzáteszi: „Végső soron mindegy, hogy tapasztalatlan, ideges, vagy bajtársaik halálát megbosszuló orosz katonák csinálták, vagy hideg fejjel megtervezett bűncselekmények is vannak, lehet, hogy van manipuláció is, de Kijev ezen külvárosai nem hevernének romokban, a földön fekvő emberek élnének, ha nincs az orosz invázió”.",0
93,"Kifejti: „Mindenki – köztük jó barátaim és ismerőseim is –, aki még mindig mentegeti az oroszokat, nézzen sok ilyen videót, és gondolkodjon alaposan el.",0
94," Az persze más kérdés, hogy a gáz és olajszankcióknak nincs értelme, épp Ukrajna szenvedne velük a legtöbbet, miközben az oroszok az olajukat diszkont áron tolnák Indiába és Kínába, az a bevételük túlnyomó része, nem a gáz.",0
95,”,0
96,Kuponkód: probaljaki,0
97, ,0
98,Kuponkód: feleves,0
99, ,0
100,Kuponkód: edesseg,0
101, ,0
102,Kuponkód: zene,0
103, ,0
104,Kuponkód: lapcsomag,0
105, ,0
106, ,0
107,Előfizetői szabályzat az linkre kattintva olvasható!,0
108, ,0
109,"A Frankfurter Rundschau az online felületén megírta, hogy Orbán Viktor „jobboldali nacionalista” miniszterelnök váratlan győzelmet aratott a magyarországi országgyűlési választásokon.",0
110,"A cikkben kifejtik, hogy Orbán valószínűleg sorozatban negyedszer is kétharmados alkotmányos többséggel irányíthatja Magyarországot.",0
111," A kormányfő este győztesnek nyilvánította magát, illetve üzent az EU-nak is, amely korábban már többször is megvádolta őt a jogállamiság megsértésével.",0
112,"Beszámolnak arról is, hogy Márki-Zay Péter elvesztette a versenyt saját választókerületében is.",0
113, A baloldal jelöltje elismerte az összefogás választási vereségét.,0
114," A lap megjegyzi, hogy szerintük a levélszavazatok manipulálásával kapcsolatos vádak egyelőre nem tisztázottak.",0
115,"A cikkből megtudhatjuk azt is, hogy Krekó Péter politológus figyelmeztette a külföldi megfigyelőket, hogy ne vegyék készpénznek a választási eredményeket.",0
116," „Magyarország már nem liberális demokrácia, hanem egy hibrid rendszer, de nem igazi demokrácia” – nyilatkozta az Euronews televíziós csatornának.",0
117," Krekó szerint az olyan intézmények, mint az ügyészség vagy a választási  hatóságok már nem függetlenek és pártatlanok, ami a hivatalban lévő Orbán Viktornak segít.",0
118,"Orbán Viktor miniszterelnök az alkotmányjog célzott manipulációján keresztül formálta át a magyar politika intézményeit, egyebek mellett a választási rendszert és fordította a közhangulatot egyes kisebbségi csoportok és politikai ellenfelei ellen – olvasható az  EUobserver hasábjain megjelent véleménycikkben.",0
119, ,0
120,"Emellett nem szabad szem elől téveszteni, hogy a magyar kormányfő politikai sikereit leginkább annak köszönheti, hogy",0
121,"– írta Elizabeth Grady, a New York-i Metropolitan Múzeum munkatársa, és Johanna Bankston, az Artistic Freedom Initiative emberi jogi kutatója.",0
122,"A szerzők szerint Orbán Viktor Vlagyimir Putyin orosz elnök módszereiből is átvett elemeket, és másik nagy szövetségeséhez, Donald Trump amerikai elnökhöz hasonlóan felismerte, hogy",0
123,Szerintük a Fidesz részben ennek köszönhetően tudta az EU-s normák betartásának látszatát fenntartva fokozatosan lebontani a magyarországi demokratikus intézmények rendszerét.,0
124,A cikk szerint a korábban világszinten is a művészi kreativitás éltető közegeként elismert Magyarország Orbán Viktor hatására egyre inkább bezárul a kormánnyal szembehelyezkedő művészek és alkotók számára.,0
125," Emellett a szerzők kiemelik, hogy a kormányfő esetleges újraválasztása fontos figyelmeztetésül kell, hogy szolgáljon az EU, az Európai Tanács, valamint az ENSZ számára, hogy szorosan  figyelemmel kell kísérniük a magyar demokratikus intézmények módszeres lebontására irányuló lépéseket.",0
126,Nyitóképen Semjén Zsolt és L.,0
127, Simon László a Magyar Nemzeti Múzeum látványtárában.,0
128,"A Fidesz-KDNP immár negyedszer győzött egyhuzamban a magyarországi parlamenti választásokon, ezt a demokratikus magyar választást tiszteletben kell tartani – jelentette ki Mateusz Morawiecki lengyel kormányfő hétfői sajtóértekezletén.",0
129,Az ukrajnai háború fejleményeiről szóló sajtókonferencián Morawieckit újságírók az ez ügyben képviselt lengyel álláspontról kérdezték.,0
130," „Elsősorban észre kell venni, függetlenül attól, ki hogyan viszonyul Magyarországhoz, hogy a Fidesz-KDNP immár negyedik alkalommal győzött a választásokon, mégpedig a lehető legjobb eredménnyel, megszerezve az alkotmányos többséget” – válaszolt Morawiecki, aláhúzva: a demokratikus választást tiszteletben kell tartani.",0
131,    ,0
132,"A Moszkvával szembeni uniós intézkedéseket illetően a lengyel kormányfő aláhúzta: felesleges, hogy „Magyarországgal fedjék el azok szemét, akik az európai helyzetet homályosan látják”.",0
133," Arra kérte a sajtó képviselőit, hogy „ne próbálják mellékvágányra terelni a közvélemény figyelmét”.",0
134,    ,0
135,"Megállapította: Európában nem bonyolult a helyzet, ez világosan látható az Európai Tanács ülésein is.",0
136," „Mindenki, aki elolvassa az értekezletek jegyzékét, tudja, hogy Németország a fő késleltetője a nagyon határozott szankcióknak” – fejtette ki.",0
137," Hangsúlyozta: Orbán Viktor miniszterelnök nem akadályozta az eddigi szankciókat, ezek „fő késleltetői valójában a nagy államok, amelyek üzleti kapcsolataikat féltik”.",0
138,    ,0
139,"Felhívta a figyelmet arra, hogy Orbán Viktor minden esetben beleegyezett az eddigi szankciócsomagokba.",0
140," „Ennek a legjobb bizonyítéka, hogy ezekről megállapodás született” – fűzte hozzá, majd ismételten aláhúzta: a szankciók fő akadályozói „a Nyugat-Európa legnagyobb és leggazdagabb államai” voltak.",0
141," Újságírói kérdésre azt is elmondta: kérni fogja Orbán Viktortól, hogy támogassa az újabb, még súlyosabb szankciók kivetését Oroszországgal szemben.",0
142,(MTI),0
143,"Minden korábbinál erősebb ellenszéllel, egyebek mellett gazdasági nehézségekkel és a háborúban álló Ukrajnával kapcsolatos politikája miatt növekvő elszigeteltséggel nézhet szembe negyedik miniszterelnöki ciklusában Orbán Viktor a Reuters hírügynökség értékelése szerint.",0
144,"A Reuters szerint Ukrajnát illetően a vasárnap újonnan megválasztott magyar kormányfő arra hivatkozik,",0
145,viszont lengyel szövetségesei egyre kevésbé megértőek ezzel kapcsolatban – mutattak rá a cikkben.,0
146,"Azzal folytatták az írást, hogy az Orbán-kormány komoly gazdasági nehézségekre számíthat.",0
147, A Reutersnek nyilatkozó elemző a Magyar Nemzeti Bank lassuló gazdasági növekedésre figyelmeztet.,0
148," Továbbá arra is felhívta a figyelmeztet a kedvezőtlen képet mutató gazdasági és stabilitási indikátorok alapján, hogy a koronavírus-járvány „gyerekjáték volt ahhoz képes, ami most jön”.",0
149,Nyitóképen Orbán Viktor miniszterelnök interjú közben.,0
150, Fotó: tenyek.,0
151,"„Nincs Európában még egy olyan nép, amely ilyen hosszú idő óta kormányon lévő politikai közösségnek akkora bizalmat tudna adni, mint amit most mi kaptunk a magyaroktól.",0
152," Nagyon sokat kell dolgoznunk a következő években, hogy ezt megháláljuk.",0
153,”,0
154,Ezt mondta Orbán Viktor a Hír TV-nek adott exkluzív interjújában.,0
155," Bayer Zsolt kérdésére, hogy a Fidesz újabb győzelme visszavonhatatlanul visszaigazolta-e az elmúlt 12 év kormányzati politikáját, a kormányfő jelezte, a politikában nincs olyan, hogy visszavonhatatlan.",0
156,"Azt mondta, hétfőn délben már tart egy kormányülést, reggel pedig azon gondolkodik, mi a következő teendő, de egyelőre örül, mert a Fidesz úgy nyert, ahogy senki sem gondolta.",0
157,"„Hiába a sok modern technika, mérések, fókuszcsoportok, ilyen politikai okoskodás, azért",0
158,És ebből a hatmillió akaratból a végén összeáll egy nagy közös akarat.,0
159," És ezt senki sem tudja megjósolni, hogy mi lesz, meg hogy lesz… a Jóistenen kívül” – fogalmazott a miniszterelnök.",0
160,"Orbán Viktor azt mondta, az elmúlt 30 évben megtanulta, hogy a győzelemért meg kell dolgozni, ezért külön megköszönte annak a több mint százezer önkéntesnek a munkáját, aki azt segítette, hogy vasárnap amikor fölkiáltanak, akkor ne Barabás legyen a végeredmény.",0
161,"A kormányfő szerint ötödik kormányzásával újabb esélyt kapott az ország: „Azt szeretnénk, ha az unokáink büszkék lennének arra, amit mi leteszünk az asztalra, és olyan unokákat szeretnénk nevelni, akikre majd büszkék lehetnek az ő unokáik, és ez így fog menni, amíg világ a világ.",0
162," Erről szólt ez a mai választás, ez volt benne a misztérium.",0
163,"A kormányfő egyetértett Bayer Zsolttal abban, hogy – az ellenzék, Brüsszel és Washington álláspontjával ellentétben – a választás azt is igazolta, hogy a jövő a nemzeti reneszánszé.",0
164,"„Nem kell nekünk birodalmakhoz kapcsolódnunk, vagy oda betagozódnunk, nem jön ki abból nekünk semmi jó, és még ha valami jó ki is jönne, akkor sem éreznénk jól magunkat a bőrünkben, hiszen szabadságszerető, a független Magyarországba szerelmes magyarok vagyunk” – fogalmazott a kormányfő.",0
165,"Orbán Viktor szerint Európában kétségkívül nagy a vita erről, de Közép-Európa és a Fidesz győzelme reményt ad az európai patrióták számára, hogy a hazaszeretet az nem a múlthoz, hanem a jövőhöz tartozik.",0
166," Szerinte azok a nemzetek, amelyek nem jöttek rá, hogy erős kormányok, erős vezetők kellenek, nem nagyon tudnak válaszolni a modern kor kihívásaira, csak bukdácsolnak.",0
167,"A kormányfő nagyon fontosnak, történelmileg beágyazottnak nevezte, hogy a magyarok összetartanak, ezt várják el a vezetőiktől, a politikusoktól is, ezért akár a hibáikat is megbocsátják.",0
168, ,0
169,A teljes beszélgetést itt nézheti vissza:,0
170,"A baloldali amerikai CNN hírcsatorna, Orbán Viktor, Magyarország tekintélyelvű vezetője „ellenfélnek” nevezi Zelenszkijt, miután megnyerte a választást címmel értékelte a magyarországi választást, tudósít az Index.",0
171," Az írás szerint a választási kampányt Moszkva ukrajnai inváziója uralta, illetve Orbán Viktor kapcsolata Vlagyimir Putyin orosz elnökkel.",0
172," Ennek alátámasztásra idézte Orbán győzelmi beszédét, amelyben Volodimir Zelenszkij ukrán elnököt nevezte az egyik ellenfelének, akit le kellett győznie a kampányban.",0
173,"Az írás emlékeztet: hiába jósoltak a közvélemény-kutatások szorosabb versenyt, az Orbán Viktor vezette Fidesz kényelmesen győzött az ország nagy részén.",0
174," Márki-Zay Péter ellenzéki vezető még saját választókerületében sem tudott nyerni, ott, ahol polgármesterként tevékenykedik, írják.",0
175,"A hivatalos eredmények szerint Orbán Viktor lett Magyarország kormányfője, aki így sorozatban negyedszerre alakíthat kormányt – írta a Breitbart vasárnapi cikkében.",0
176,"A portál cikkében emlékeztetett arra, hogy az Orbán-kormány több alkalommal konfrontálódott az Európai Unióval, többek között sajtó és az igazságszolgáltatás ügyében, valamint az LMBTQ-közösséget célzó intézkedésekkel kapcsolatban, amelyről az országgyűlési választással egy időben tartottak népszavazást Magyarországon.",0
177,"Az Országos Választási Iroda eredményei szerint a szavazatok 94 százalékos feldolgozottságánál a Fidesz 53 százalékon állt, szemben az ellenzéki koalíció 35 százalékával, ami azt jelenti, hogy",0
178,– tették hozzá.,0
179,Nyitóképen a Fidesz eredményváró rendezvénye a Bálnánál.,0
180,Nagy Attila Tibor politikai elemző a Magyar Nemzet megkeresésére kiemelte: nagyon meglepte volna a baloldali összefogás választási győzelme.,0
181," Úgy fogalmazott: az ellenzéki tömörülést folyamatos hibák jellemezték, most álltak ki a legnagyobb erővel az elmúlt tizenkét évben, mégse tudták táborukat mobilizálni.",0
182, ,0
183,"„A baloldali összefogást folyamatos belső feszültségek jellemezték, és nem tettek jót Márki-Zay kommunikációs hibái sem.",0
184, ,0
185,"– emelte ki Nagy Attila Tibor, aki Márki-Zayt kiemelten felelősnek tartja, mert szerinte a politikus lerombolta az ellenzék esélyeit.",0
186, Hozzátette: a baloldal egyedül az Orbán-ellenességgel tudta feltüzelni a táborát.,0
187," Kiemelte, hogy a legegyszerűbb üzenetet, miszerint a magyarok a háború és a béke között választanak, a Fidesz közvetítette, és ez segített legjobban a mozgósításban.",0
188, Hozzátette: az ellenzék nagyon komoly válságba juthat a választáson elért eredménnyel.,0
189,Mit emelne ki a választás kapcsán?,0
190, Megfelelt a demokratikus elvárásoknak?,0
191,"A választás, illetve a megelőző kampány",0
192,A választás lebonyolítása zökkenőmentes volt.,0
193," Apró, szétszórt problémák merültek csak fel.",0
194, Nem voltak rendszerszintű gondok.,0
195," Sokkal inkább arról volt hangos a kampányhajrá, hogy a baloldal minden valószínűség szerint meg nem engedett eszközöket is használt.",0
196," Ezt azért fontos elmondani, mert amikor az EU-s intézmények nyomon követik az eseményeket – főleg az EBESZ delegációja kapott nagyobb figyelmet –, akkor kíváncsi leszek, olvashatjuk-e majd erről pártatlan riportjukat, mely említi az ellenzék kifogásolható eszközeit.",0
197," Nincsenek hiú reményeim, az EBESZ reputációja sokat romlott az utóbbi időben.",0
198,A nyugati mintákhoz képest milyen a magyar rendszer?,0
199,"A magyar választási rendszer minden európai vagy globális jogi, erkölcsi elvárásnak megfelel.",0
200," A magyar rendszer nem torzít jobban, mint bármely rendszer Európában, és akkor ne is beszéljünk az Egyesült Államok általános, és egyes állami szintű sajátosságairól.",0
201,Mit mutat a magas részvétel?,0
202,"Nagyon magas volt a részvétel, talán most, amikor beszélünk, nem érte el végül a négy évvel ezelőtti számokat, de nagyon erős legitimációt ad a majd nyertes félnek.",0
203, Ez európai értelemben is kimagasló.,0
204, Ez két dolog miatt fontos.,0
205," Az egyik az orosz-ukrán háború, és az ebből fakadó geopolitikai és gazdasági kihívások, illetve hogy nemzeti érdekek mellett kiálló kormányunk legyen, legyen szó szankciókról vagy az EU-s forrásokról.",0
206, ,0
207,Mit mondtak a külföldi megfigyelők?,0
208,"Az én körzetemben is voltak EBESZ-megfigyelők, semmilyen gondot nem jeleztek.",0
209," Akikkel beszéltem más megfigyelők között, mind gyors, zökkenőmentes, jól szervezett választásnak voltak szemtanúi akár Budapesten, akár vidéken – legalábbis ezt mondták.",0
210,Fölényes fideszes győzelem és jelentős ellenzéki összefogás bukás – foglalta össze az eddigi eredményeket Horn Gábor a Magyar Nemzetnek.,0
211, A Republikon Alapítvány kuratóriumának elnöke szerint meglesz a Fidesznek kétharmados többség.,0
212," Hozzátette, a győzelem mértéke meglepte, a ténye azonban nem.",0
213," Szerinte a Fidesz győzelmének oka az emberek biztonságérzet iránti vágya, a január-februári jóléti intézkedések a kormány részéről, illetve az ellenzék „bénázása” lehet.",0
214,"Kiderült, hogy összefogva kevésbé hatékonyak, mint összefogás nélkül – fogalmazott.",0
215, „Személyi következményei biztosan lesznek a választásoknak.,0
216,"– mutatott rá az elemző, hangsúlyozva, hogy az ellenzéki pártok első dolga lesz a bűnbakkeresés.",0
217,– jelentette ki Horn Gábor.,0
218, Szerinte nem lesznek baloldali zavargások a választások után.,0
219," Úgy véli, ez egy olyan súlyos vereség, amely nem alapozna meg egy ilyen kormányellenes megmozdulást.",0
220," Az elemző szerint elképzelhető, hogy a gyermekvédelmi népszavazás érvényes lesz, ha a Fidesz fölényes győzelméből indulunk ki.",0
221,Orbán Viktor a Bálnánál üdvözölte az egybegyűlteket.,0
222," „Egész jól nézünk ki, egyre jobban nézünk ki.",0
223," Talán soha sem néztünk ki olyan jól, mint ma este” – kezdte beszédét.",0
224,– jelentette be a Fidesz-KDNP győzelmét a miniszterelnök.,0
225,"Orbán Viktor köszönetet mondott a magyar választópolgároknak, az önkénteseknek, és külön köszöntette a ránk határon túlról figyelő magyarokat.",0
226," Köszönetet mondott a segítségért, és így kaptak egy esélyt, hogy segíthetnek rajtuk.",0
227,– húzta alá,0
228,"Orbán Viktor elmondta, hogy ez most nem az okoskodás ideje, hanem a boldogságé.",0
229, ,0
230,"Orbán Viktor közölte, hogy a győzelem minden lehetőségét kihasználták.",0
231, Minden körülmények között nyertek az ellenzékkel szemben.,0
232,– fogalmazott.,0
233,"Elmondta: „A végén mindig a szív győz, hiába a ravaszkodás, és cselszövés.",0
234, Azért nyertünk mert van egy közös szenvedélyünk: Magyarország”.,0
235,"Orbán Viktor a baloldalnak címezve azt mondta: ők voltak  „Gyuri bácsi legrosszabb befektetése, mert 12 éve csak viszi a pénzt” – mondta Orbán Viktor.",0
236," „Most kellett a legnagyobb túlerővel megküzdeni, a nemzetközi fősodratú média, és a végén az ukrán elnök is” – fogalmazott.",0
237, ,0
238,"– mondta a kormányfő, visszhangozva a márciusi Békemenet üzenetét.",0
239,„Megvédtük a magyar békét és biztonságot” – mondta a kormányfő.,0
240, Orbán Viktor szerint a világban lévő barátaink mindent megtettek a sikerért.,0
241," „Ez a barátaink győzelme is, mert az egész világ láthatta, hogy a kereszténydemokrata politika, a konzervatív politika, és a hazafias politika győzött.",0
242, Ez lesz a mi közös európai jövőnk” – mondta a kormányfő.,0
243,– zárta beszédét Orbán Viktor.,0
244,"A Fidesz-KDNP kétharmados parlamenti többséggel megnyerte a 2022-es országgyűlési választásokat április 3-án, írja az Index.",0
245," Az ellenzék miniszterelnök-jelöltje, Márki-Zay Péter nem gratulált Orbán Viktornak, és azt is elmondta, hogy mi ennek az oka.",0
246," A választás éjszakáján az ellenzéki miniszterelnök-jelölt nem gratulált telefonon Orbán Viktornak, az ATV kérdésére pedig az is kiderült, hogy ennek az volt az oka: Márki-Zay Péter nem tudja a miniszterelnök telefonszámát, és egyébként sem érzi úgy, hogy gratulálnia kellene.",0
247,"Ugyanakkor azt hozzátette, egy ekkora különbségű győzelemnél el kell ismerni, hogy nem csalásnak köszönhetően nyerte meg a választást Orbán Viktor.",0
248,Márki-Zay az ATV-nek is nyilatkozott erről.,0
249,Márki-Zay Péter reagált Lázár János korábbi kijelentésére is.,0
250, Ezzel kapcsolatban elmondta:,0
251,vagy Hódmezővásárhely polgármestere marad-e.,0
252,Fotó: Trenka Attila,0
253,Közlemény: tudósításunk téves megfogalmazását a megjelenése után pontosítottuk (a szerk.,0
254,12:56 Háborús bűncselekmény a bucsai mészárlás Demkó Attila szerint,0
255,"„A földön fekvő emberek élnének, ha nincs az orosz invázió” – fogalmaz a Bucsában történtekről a biztonságpolitikai szakértő.",0
256, Bővebben!,0
257,11:57 Drón segítségével likvidáltak egy mesterlövészt a csecsenek,0
258,Kadirov katonái feltehetően Mariupol környékén akcióztak.,0
259, Bővebben!,0
260,11:21 Újabb és újabb holttestek kerülnek elő Kijev mellett,0
261,A hétfői ukrán médiajelentések szerint már 340 holttestet találtak.,0
262, Bővebben!,0
263,7:56 Zelenszkij bejelentkezett a Grammy-gálán: Töltsétek meg zenétekkel a csendet!,0
264,Az ukrán elnök videoüzenetben szólította fel a jelenlévőket Ukrajna támogatására.,0
265, Bővebben!,0
266,7:13 Szlovákia szükség esetén rubellel fizet az orosz gázért,0
267,"A szlovák kormányfőhelyettes azt mondja, nem szeretnének ártani a saját gazdaságuknak.",0
268, Bővebben!,0
269,***,0
270,"A Bucsában történt bűncselekményeknél is szörnyűbb dolgok derülhetnek még ki tekintettel arra, hogy Ukrajna más régiói még mindig orosz ellenőrzés alatt állnak – közölte vasárnap esti videóüzenetében Volodimir Zelenszkij ukrán elnök.",0
271," Mint mondta, azokon a helyeken „még több halott lehet és bántalmazás történhetett.",0
272," Mert ez az orosz hadsereg természete, amely az országunkba jött.",0
273," Olyan embertelen teremtmények, akik nem tudnak másként cselekedni” – hangoztatta Zelenszkij.",0
274,"Beszélt arról is, hogy Ukrajnának elvileg nem is kellett volna külföldi partnereitől fegyvereket kérnie.",0
275, „Mert ,0
276,"Mert pontosan tudták, milyen vész közeleg és az mit hoz magával” – tette hozzá az ukrán elnök.",0
277," Ukrán hivatalos közlések szerint a településen tömegsírra is bukkantak, amelyben 280 férfi holttestét találták meg.",0
278,míg Kijev az orosz csapatokat vádolja ártatlan civilek lemészárlásával.,0
279,(MTI),0
280,"Az országgyűlési választásokkal párhuzamosan tartották a kormány által kezdeményezett, négykérdéses gyermekvédelmi népszavazást is, de a referendum nem érte el az érvényességi küszöböt.",0
281,A Nemzeti Választási Iroda az alábbi adatokat közölte a hivatalos honlapján:,0
282,1.,0
283," Támogatja-e Ön, hogy kiskorú gyermekeknek köznevelési intézményben a szülő hozzájárulása nélkül szexuális irányultságokat bemutató foglalkozást tartsanak?",0
284,"Feldolgozottság: 98,94 %",0
285,A szavazatok megoszlása:,0
286,Igen-nem szavazatok száma és aránya,0
287, ,0
288,2.,0
289," Támogatja-e Ön, hogy kiskorú gyermekek számára nemi átalakító kezeléseket népszerűsítsenek?",0
290,"Feldolgozottság:  98,94%",0
291,A szavazatok megoszlása,0
292,Igen-nem szavazatok száma és aránya,0
293, ,0
294,3.,0
295," Támogatja-e Ön, hogy kiskorú gyermekeknek fejlődésüket befolyásoló szexuális médiatartalmakat korlátozás nélkül mutassanak be?",0
296,"Feldolgozottság:  98,94%",0
297,A szavazatok megoszlása,0
298,Igen-nem szavazatok száma és aránya,0
299, ,0
300,4.,0
301," Támogatja-e Ön, hogy kiskorú gyermekeknek a nem megváltoztatását bemutató médiatartalmakat jelenítsenek meg?",0
302,"Feldolgozottság: 97,28%",0
303,A szavazatok megoszlása,0
304,Igen-nem szavazatok száma és aránya,0
305,„Hölgyeim és uraim!,0
306, Ma súlyos vereséget szenvedtünk” – kezdte videós bejelentkezését Facebook-oldalán a baloldal vezére.,0
307," Elmondása szerint a baloldalt nem tudja képviselni egy olyan jelölt, aki „sok tekintetben a jobboldalt tekinti példának”.",0
308,– fogalmazott Gyurcsány Márki-Zayról.,0
309,"A baloldal vezére szerint „aki a hajót viharba vezeti, aki nem éri el a kikötőt [.",0
310,.,0
311,.,0
312,] az nem a legjobb kapitány”.,0
313," Hozzátette ugyanakkor, hogy „a közös hajónak tovább kell mennie”.",0
314,"10:00 A szavazatok feldolgozottsága 98,96 százalékos, a Fidesz 135 mandátumot szerzett.",0
315,***,0
316,"0:55 95,90%-nál is megvan a Fidesznek a parlamenti kétharmad",0
317,"0:35 94,57%-os a feldolgozottság",0
318,"A Fidesznek 135, a baloldalnak 56, a Mi Hazánknak 7, a magyarországi német nemzetiségnek pedig 1 mandátuma van.",0
319,23:45 Matteo Salvini gratulált Orbán Viktornak,0
320,„Bravo Viktor!,0
321,” Bővebben.,0
322,.,0
323,.,0
324,23:36 Márki-Zay Péter beszédénél sehol sem voltak „szövetségesei”,0
325,"Se Gyurcsány, se Dobrev, se Karácsony, se Jakab.",0
326, De még Fekete-Győr sem volt jelen a baloldal miniszterelnök-jelöltjének beszédénél.,0
327, Bővebben.,0
328,.,0
329,.,0
330,23:19 Frissültek a népszavazási adatok: közel 50 százalékos feldolgozottságnál elsöprő a NEM-ek aránya,0
331,Eddig 1 346 448 fő szavazott érvényesen.,0
332, Bővebben.,0
333,.,0
334,.,0
335,"23:07 Márki-Zay: Nincs Magyarországon demokrácia, gratulálok a Fidesznek, Hitler is kétharmaddal nyert volna 1945 áprilisában",0
336,"„Soha nem gondoltunk volna, hogy ez lesz az eredmény” – mondta a baloldal miniszterelnök-jelöltje, aki le van taglózva.",0
337, Bővebben.,0
338,.,0
339,.,0
340,23:06 „A hatalom a népé!,0
341,”,0
342,"A Fidesz 2022-ben több parlamenti mandátumot nyert, mint 2018-ban.",0
343, Bővebben.,0
344,.,0
345,.,0
346,23:03 Orbán Viktor: Győztünk!,0
347,"2022 után is Orbán Viktor lesz Magyarország miniszterelnöke, a kormányfő a Bálnánál mondott beszédet.",0
348, Bővebben.,0
349,.,0
350,.,0
351,A miniszterelnök beszédét itt nézheti vissza:,0
352,"23:01 A 74,52 százalékos országos feldolgozottság is Fidesz kétharmadot mutat",0
353,"22:30 63,21 százalékos feldolgozottságnál kétharmada van a Fidesz-KDNP-nek",0
354,Mutatjuk a 22:30-as adatokat.,0
355, Bővebben.,0
356,.,0
357,.,0
358,"22:16 Márki-Zay egyéniben is megbukott, Lázár János behúzta körzetét",0
359,"92,66 százalékos feldolgozottságnál továbbra is több mint 10 százalék a differencia Lázár János javára.",0
360, Bővebben.,0
361,.,0
362,.,0
363,"22:11 Terítéken Budapest – Biztos, hogy a baloldal nem húzza be teljesen a fővárost",0
364,Nyerhet Szatmáry Kristóf és Dunai Mónika.,0
365," Jámbor András magabiztosan vezet Sára Botonddal szemben, de Csárdi Antal is vezet Böröcz Lászlóval szemben.",0
366, Bővebben.,0
367,.,0
368,.,0
369,"22:10 Így szavaz Kelet-Magyarország – élőben a szabolcsi, békési, borsodi körzetek eredményei",0
370,"Tarol a Fidesz Borsodban és Hevesben, szinte mindenhol 6 százalék felett a Mi Hazánk jelöltjei.",0
371, Bővebben.,0
372,.,0
373,.,0
374,"22:10 Behozhatatlannak tűnik Lázár előnye, Márki-Zay bukja a körzetét",0
375,"74,31%-os feldolgozottságnál több mint 10%-kal vezet a Fidesz jelöltje.",0
376, Bővebben.,0
377,.,0
378,.,0
379,22:03 Ötven százalék körüli feldolgozottságnál vezet a Fidesz a Dunántúlon,0
380,"Mutatjuk a kampányban billegőnek mondott dunántúli körzetek állását 48,47 %-os feldolgozottságnál!",0
381, Bővebben.,0
382,.,0
383,.,0
384,"21:45 A feldolgozottság 43,26%, még mindig kétharmad mutatkozik a Fidesznél",0
385,"21:15 Így állnak az eredmények 23,03% feldolgozottságnál",0
386,Ide kattintva élőben követheti velünk az eredményeket.,0
387,20:41 Így várják az eredményeket a pártok,0
388,Ide kattintva tekintheti meg friss fotóinkat az eredményvárókról.,0
389,"19:49 Hortobágy polgármestere: Nem választókat, szavazatszámlálókat buszoztattunk",0
390,Jakab Ádám cáfolta a baloldali sajtóhíreszteléseket.,0
391, Bővebben is érdekel.,0
392,19:44 Országszerte mindenhol befejeződött a szavazás,0
393,"Néhány szavazókörben még kevesen sorban állnak, ők 10-15 percen belül be tudják fejezni a szavazást.",0
394, Bővebben is érdekel.,0
395,"19:22 A választók 67,8 százaléka szavazott 18 óra 30 percig",0
396,A Nemzeti Választási Iroda (NVI) adatai szerint 5 216 424 szavazó járult az urnákhoz a vasárnapi országgyűlési képviselő-választáson 18.,0
397,30 óráig.,0
398, Bővebben is érdekel.,0
399,19:11 Medián: Magabiztos Fidesz-győzelem várható,0
400,"A kutatócég nem exit pollt közölt, hanem a választások előtti utolsó felmérését.",0
401, Bővebben is érdekel.,0
402,"19:05 Orbán Viktor: Köszönöm mindenkinek, aki szavazott!",0
403,Közösségi oldalán fejezte ki háláját a kormányfő.,0
404, Bővebben is érdekel.,0
405,18:34 Ezekben a községekben szavaztak a legtöbben 17 óráig,0
406,A TOP5-ben kivétel nélkül 90% feletti a részvétel.,0
407, Bővebben is érdekel.,0
408,"18:25 Itt vannak a választókerületek, ahol a legtöbben szavaztak 17 óráig",0
409,Ismét a budapesti kerületek vezetnek.,0
410, Bővebben is érdekel.,0
411,18:07 Mutatjuk a nap eddigi legfontosabb választási történéseit a 17 órás adatközlés után,0
412,"Ha csak 3 perce van arra, hogy megtudja mi történt a választáson eddig, akkor nézze meg a Mandiner videóját!",0
413, Bővebben is érdekel.,0
414,17:45 Megérkeztek a 17 órás adatok: A szavazásra jogosultak több mint 60 százaléka leadta a voksát,0
415,"A szavazásra jogosultak 62,92 százaléka adta le szavazatát.",0
416, Bővebben is érdekel.,0
417,17:42 Szabálytalanság: egyes szavazókörökben nem kapják meg a választók automatikusan a népszavazási íveket,0
418,"A Mandiner olvasói jelezték: vannak olyan szavazókörök, ahol a szabályokkal ellentétben nem automatikusan adják a választópolgárok kezébe a gyermekvédelmi népszavazás kérdéseit tartalmazó lapot.",0
419, Bővebben is érdekel.,0
420,"17:30 Hann Endre: Szorosabb lehet a végeredmény, mint amit utoljára mértünk",0
421,A Medián igazgatója szerint mindkét oldal erősen mozgósított a kampány utolsó napjaiban.,0
422, Bővebben is érdekel.,0
423,17:20 Baloldali elemző: Az ellenzéki szavazók egy része befogott orral szavaz Márki-Zay Péterre,0
424,"Nagy Attila Tibor szerint az igaz kérdés az, hogy az Orbán-ellenesség erősebb-e a körükben.",0
425, Bővebben is érdekel.,0
426,16:22 Mutatjuk a nap legfontosabb választási történéseit a 15 órás adatközlés után,0
427,"Ha csak 3 perce van arra, hogy megtudja mi történt a választáson eddig, akkor nézze meg a Mandiner videóját!",0
428,Részvételi adatok 13 óráig (bővebb adatokért kattintson a képre!,0
429,):,0
430,15:52 Megérkeztek a 15 órás adatok: A szavazásra jogosultak több mint fele leadta voksát,0
431,"A szavazásra jogosultak 52,75 százaléka adta le szavazatát.",0
432, Bővebben is érdekel.,0
433,"15:33 Füstölni kezdett egy szavazóhelyiség Somogyban, kimentették az urnákat",0
434,A szavazóhelyiséget a bejelentés után pár perccel lezárták.,0
435, Bővebben is érdekel.,0
436,15:21 Kocsis: „Feri!,0
437," Te lesz múlt, menj benne.",0
438, Ápr3án változz fel!,0
439,”,0
440,Baloldali kampány-SMS stílusban üzent a Fidesz frakcióvezetője.,0
441, Bővebben is érdekel.,0
442,15:03 Ebben az öt megyében a legnagyobb a részvétel 13 órakor,0
443,Élen a főváros.,0
444, Bővebben is érdekel.,0
445,14:57 Még ma meg kell semmisíteni a választók adatairól szóló pártnyilvántartásokat,0
446,"Legkésőbb vasárnap 16 óráig meg kell semmisíteniük az országgyűlési választáson induló pártoknak és jelölteknek a szavazóköri névjegyzékben szereplő választópolgárok választási irodától kapott adatait, írja az MTI.",0
447,13:44 Súlyos szabálytalanságról beszél a fideszes Hende Csaba,0
448,"Szombathelyen külön megkérdezi a választókat a bizottság, hogy kérik-e a népszavazási szavazólapot is.",0
449," A szabály viszont az, hogy a szavazóköri delegáltnak kérdés vagy igénylés nélkül mindhárom szavazólapot át kellene adnia.",0
450, Bővebben.,0
451,.,0
452,.,0
453,Részvételi adatok 13 óráig (bővebb adatokért kattintson a képre!,0
454,):,0
455,"13:19 Gyurcsánynak jó a kedve, Dobrev reméli, sokan elmennek szavazni",0
456,"Ők már elmentek szavazni, menjenek el önök is!",0
457, Bővebben.,0
458,.,0
459,.,0
460,"12:44 Békés megye továbbra is a legaktívabb, Szabolcsban a legalacsonyabb a részvételi arány",0
461,"A részvételi arány 11 órakor Békés megyében volt a legmagasabb, 28,03 százalék, ami 75 987 szavazót jelent.",0
462," A legalacsonyabb részvételi arány Szabolcs-Szatmár-Bereg megyében volt, 22,22 százalék, ebben a megyében 95 974-en voksoltak.",0
463,Részvételi adatok 11 óráig (bővebb adatokért kattintson a képre!,0
464,):,0
465,11:03 Nyoma sincs a reggeli tömegnek Londonban,0
466,Csak lézengenek a szavazók.,0
467, Bővebben.,0
468,.,0
469,.,0
470,10:55 Több mint 231 ezren először élhetnek választójogukkal,0
471,"A kerek, ezüstös színű szegéllyel ellátott kitűzőn a „Szavaztam!",0
472,” felirat szerepel.,0
473, Bővebben.,0
474,.,0
475,.,0
476,10:40 Kiugróan aktívak a szavazók Lázár János és Márki-Zay választókerületében,0
477,Nagy csata várható Hódmezővásárhelyen és környékén.,0
478, Bővebben.,0
479,.,0
480,.,0
481,10:21 Gyurcsány Ferenc és Dobrev Klára is leadta a szavazatát,0
482,"„Sokan mondták, hogy Magyarországon csak akkor lesz kormányváltás, ha majd áprilisban havazik.",0
483, Akkor hát eljött a nap” – írta a volt miniszterelnök.,0
484, Bővebben.,0
485,.,0
486,.,0
487,10:06 Jakab Péter is leadta a voksát,0
488,"A Jobbik elnöke szerint Orbán Viktor Magyarország számára szegénységet, félelmet és „putyini” háborút hozott.",0
489, Bővebben.,0
490,.,0
491,.,0
492,"9:56 Orbán szerint a mai választás tétje az, hogy kimarad vagy belesodródik Magyarország a háborúba",0
493,A miniszterelnök leszögezte: „mi a béke pártján állunk”.,0
494, Bővebben.,0
495,.,0
496,.,0
497,"9:44 A 9 órás részvételi arány is alacsonyabb, mint négy éve",0
498,"A jogosultak 10,31 százaléka adta le szavazatát.",0
499, Bővebben.,0
500,.,0
501,.,0
502,9:15 Varga Juditék leadták voksaikat,0
503,"Varga Judit is szavazott: az igazságügyi miniszter férjével, Magyar Péterrel, a Diákhitel Központ vezérigazgatójával és gyerekeivel jelent meg a XII.",0
504, kerületi Mesevár Óvodában.,0
505,"8:58 Reggel 7 óráig alacsonyabb volt a részvételi arány, mint négy éve",0
506,"A jogosultak 1,82 százaléka adata le szavazatát.",0
507, Bővebben.,0
508,.,0
509,.,0
510,8:54 Orbán Viktor leadta a voksát,0
511,"A kormányfő és felesége, Lévai Anikó reggel nyolc óra után nem sokkal leadta a szavazatát.",0
512, Bővebben.,0
513,.,0
514,.,0
515,7:34 Orbán Viktor: A kommunisták mind szavaznak!,0
516, Legyünk ott mi is!,0
517,"A miniszterelnök arra buzdítja támogatóit, hogy legyenek ott ők is.",0
518, Bővebben.,0
519,.,0
520,.,0
521,7:18 Mindenhol rendben megkezdődött a voksolás,0
522,A nemzetközi megfigyelők is figyelemmel követik a szavazást.,0
523, Bővebben.,0
524,.,0
525,.,0
526,Mutatjuk a részvételi adatokat 7 óráig (bővebb adatokért kattintson a képre!,0
527,):,0
528,6:45 Nem kötelező a maszk a szavazóhelyiségben,0
529,"Nincs általános maszkviselési kötelezettség Magyarországon a koronavírus-járvány miatt, ezért a szavazatszámláló bizottság tagjainak és a választóknak sem kötelező maszkot viselniük a szavazókörben.",0
530, A karanténban lévőket felkereső szszb-tagoknak azonban javasolják a maszkviselést és a távolságtartást.,0
531, ,0
532,"A választópolgár a szavazás során használhatja saját tollát, de a szavazatszámláló bizottság gondoskodik a szavazófülkékben elhelyezett tollak rendszeres fertőtlenítéséről.",0
533," Aki saját érdekében úgy ítéli meg, az hordhat maszkot a szavazóhelyiségben, de az azonosítás idejére le kell vennie.",0
534," A karanténban lévőket felkereső, mozgóurnás szszb-tagoknak a Nemzeti Választási Iroda (NVI) javasolja a maszkviselést, a gumikesztyű használatát és a távolságtartás betartását.",0
535, (Forrás: MTI),0
536,6:30 Csak pecséttel érvényes a szavazólap,0
537,"Nem érvényes az a szavazólap, amelyet a szavazatszámláló bizottság nem pecsétel le a választópolgár jelenlétében.",0
538," A szavazólapot tilos előre lebélyegezni, azt csak a választópolgár jelenlétében pecsételheti le, azaz „érvényesítheti” a bizottság egyik tagja.",0
539, (Forrás: MTI),0
540,6:03 Sorra nyílnak a külképviseleti szavazókörök a többi európai országban is ,0
541,"Sorra nyílnak a szavazókörök a Magyarországgal egy időzónában lévő külképviseleteken, az országgyűlési választásra és a népszavazásra ezeken a helyeken is reggel 6-tól este 7 óráig várják a voksolókat, összesen 53 689 választópolgárt.",0
542, (Forrás: MTI),0
543,6:00 Megnyitottak a szavazókörök,0
544,Vasárnap reggel hat órakor megkezdődött a voksolás az ország 10 243 szavazókörében az országgyűlési képviselő-választáson és a gyermekvédelmi kérdésekről rendezett népszavazáson.,0
545,"A választáson 7,7 millió választópolgárt várnak az urnákhoz, ebből több mint 231 ezer fiatal lesz jogosult arra, hogy először szavazhasson, ők azok, akik a 2019-es önkormányzati választáson még nem voltak szavazókorúak, de az azóta eltelt időben nagykorúvá váltak.",0
546,"A Nemzeti Választási Iroda (NVI) napközben hét alkalommal ad tájékoztatást a részvételről: 7, 9, 11, 13, 15, 17 órakor, valamint 18:30-kor.",0
547," A szavazatszámláló bizottságok először az országgyűlési választás szavazólapjait számlálják össze, így az előzetes eredmények ismertetése röviddel az urnazárás után megkezdődik a www.",0
548,valasztas.,0
549,"hu oldalon, és este 11 óra körül már magas feldolgozottsági adatok várhatók.",0
550, (Forrás: MTI),0
551,5:20 A veszélyhelyzet idején lejárt okmányokkal is lehet szavazni,0
552,A vasárnapi országgyűlési képviselő-választáson és népszavazáson elfogadják a veszélyhelyzet idején lejárt okmányokat is;,0
553,"A bizottság elfogadja a kártya formátumú, érvényes ideiglenes személyi igazolványt, a kártya formátumú, érvényes gépjármű-vezetői engedélyt és az 1998 végétől kiadott lézergravírozott, érvényes útleveleket is.",0
554," Az egyes okmányok igénylése során, a kérelem benyújtásakor kapott átvételi elismervény (A4-es nyomtatott lap) azonban nem alkalmas a személyazonosság igazolására.",0
555, (Forrás: MTI),0
556,4:05 Az első szavazó jelenlétében zárják le az urnát,0
557,A szavazás megkezdése előtt az összes szavazókörben valamennyi urnát az első választó jelenlétében zárja le a szavazatszámláló bizottság.,0
558," A 2022-es országgyűlési választáson és a vele egy napon rendezett országos népszavazáson 3177 település 10 243 szavazókörében voksolhat a választásra jogosult 7,7 millió választópolgár reggel 6 és este 7 óra között.",0
559, (Forrás: MTI),0
560,4:00 Sorra nyílnak a külképviseleti szavazókörök a Közel-Keleten és a balkáni országokban,0
561,"Sorra nyílnak a Magyarországtól keletre lévő országok szavazókörei a vasárnapi parlamenti választáson és népszavazáson, ezeken a külképviseleteken helyi idő szerint reggel 6-tól este 7 óráig várják a voksolókat.",0
562, (Forrás: MTI),0
563,Jakab Péter közösségi oldalán értékelte a 2022-es választás eredményeit.,0
564," Ebben először is köszönetet mondott a jobbikos szavazóknak és az aktivistáknak, majd rátért a baloldal teljesítményére.",0
565," Mint mondta, Márki-Zay Péter „hat ellenzéki párt hadseregét” kapta meg az előválasztás után, és „ebből az előnyből Fideszes kétharmadot csinált”.",0
566,"– fogalmazott, hozzátéve, hogy szerinte a „kevesebb, megfontoltabb beszéd most több szavazatot hozott volna”.",0
567,Nyitókép: Facebook,0
568,"Nem sokkal 23:15 után lépett a mikronfok elé Márki-Zay Péter, hogy értékelje a 2022 április 3-i választást, amelyen a Fidesz óriási g győzelmet aratott.",0
569," Márki-Zay emellett saját egyéni választókörzetében is alulmaradt Lázár Jánossal szemben: 52-39 lett a végeredmény, több mint hatezerrel kapott több szavazatot a volt miniszter, mint Márki-Zay.",0
570,"Márki-Zay elég sokáig nem állt a sajtó rendelkezésére, körülbelül 25 perccel Orbán Viktor utána mondta el beszédét, melyet úgy kezdett: le van taglózva, mint mindenki más.",0
571," Márki-Zay mögé egyébként a családtagjai vonultak fel, ellenzéki politikust nem nagyon lehetett látni.",0
572,"„Soha nem gondoltunk volna, hogy ez lesz az eredmény.",0
573," Tudtuk előre, hogy ez egy rendkívüli küzdelem lesz.",0
574, Nincs Magyarországon demokrácia.,0
575, Hadházy Ákosnak volt igaza.,0
576," Egyébként gratulálok neki, mert neki volt igaza.",0
577,” – sorolta.,0
578,Hozzátette: nem tartja szabadnak a választásokat.,0
579,"„A történelem tanulsága, hogy Milošević is népszerű volt, amikor a NATO bombázta, és Hitler is kétharmados többséget szerzett volna 1945-ben Németországban, amikor Berlin körbe volt véve” – mondta Márki-Zay.",0
580,"Orbán félt, hogy elvesztheti a hatalmát.",0
581," Négy éve az életét rátette arra, hogy ezt a rendszert lebontsák.",0
582,"„Most sokan könnyes szemmel fontolgatják, hogy elhagyják az országot.",0
583," De arra kér mindenkit, hogy nyugodjon meg.",0
584," hazamegy, kialussza magát, megcsókolja a gyermekeit, beszélget végre a barátaival.",0
585," Nyugodjunk meg, aludjuk ki magunkat, józan döntést kell hozni” – mondta Márki-Zay, aki hozzátette: mindent megtett, tiszta a lelkiismerete.",0
586,"Még nem született meg ugyan a végleges választási eredmény, de nagyon úgy tűnik, hogy a Mi Hazánk Mozgalom nemcsak, hogy bejut a parlamentbe, de akár hét-nyolc képviselőjük is lehet az új Országgyűlésben.",0
587, Hogyan értékeli az eredményt?,0
588,Megtörtént a csoda.,0
589," Az a csoda, amiben a kutatók,  a hatalmat gyakorló Fidesz és a balliberális oldal sem hitt, de hitt az a több ezer magyar, aki az elmúlt években ezt a csodát véghezvitte.",0
590," Hittek azok, akik 2018-ban az ásotthalmi pusztában életre hívták ezt a mozgalmat, és az a több százezer magyar, aki a Mi Hazánk Mozgalomra voksolt.",0
591," Azért neveztem mindezt csodának, mert olyan brutális ellenszélben, olyan túlerővel szemben kellett ezt véghezvinnünk, amire még nem volt példa.",0
592," A Facebook törölte mind a pártunk, mind az én oldalamat, ami szerintünk a demokratikus választások rendjének megsértése, és ezért feljelentést is tettünk.",0
593,Ezt mindenképp nagyon nagy dolognak tartom.,0
594," A legnehezebb akadályt sikerrel vettük, nekünk tényleg felfele vezet az utunk!",0
595,"Országosan a legtöbb egyéni körzetben, a korábbi méréseket meghaladva 5 százalék feletti, a kelet-magyarországi választókerületekben pedig sok helyen 7-10 százalékos eredményt értek el.",0
596, Elégedett?,0
597,"Természetesen elégedett vagyok, hiszen mi a nulláról indultunk.",0
598," Egy teljesen új politikai erő vagyunk, állami támogatás és oligarchák nélkül.",0
599," Az eredményekből egyértelműen látszik, hogy azokban a dél-magyarországi megyékben voltunk a legerősebbek ahonnan elindultunk, és látszik, hogy hogyan kell megyéről-megyére, fővárosi kerületről-kerületre haladva meggyőzni az ország népét, hogy a Mi Hazánk Mozgalom a legjobb választás.",0
600,A legtöbb médium váratlannak nevezte az eredményüket.,0
601, Mit szól ehhez?,0
602,Számomra nem volt váratlan.,0
603," A legnagyobb nyugalommal vártam a mai eredményt,",0
604,"Egyáltalán nem görcsöltünk az eredményen, mert tekintve, hogy amiken elmúlt években keresztülmentünk a mozgalommal, úgy érzem, ez bizony benne volt a levegőben.",0
605,"A budapesti eredményeik viszont mindenképp váratlannak nevezhetők, hiszen a radikális jobboldal hagyományosan nem túl erős a fővárosban.",0
606,Szerintem ez nem egyértelmű.,0
607," A Jobbik valóban nem volt erős a fővárosban, de a MIÉP például épp Budapesten volt kifejezetten népszerű.",0
608," Mi nem csak a vidéket, hanem Budapestet akarjuk egész Magyarországgal együtt felemelni.",0
609,"Mit gondol, kik szavaztak önökre?",0
610," A régi jobbikos tábor, esetleg a baloldaltól sikerült elvenniük szavazatokat?",0
611,"Az elmúlt hónapokban bejártam az országot, és valószínű ugyan hogy sok régi jobbikos is ránk szavazott, de biztosan kijelenthetem, hogy a legtöbb szavazónk olyan, akinek eddig nem volt pártja, aki bizonytalan volt, vagy akár el sem ment szavazni korábban.",0
612,Mit szól a saját eredményéhez?,0
613,"Teljesen elégedett vagyok vele, hiszen a választókerületem nagy része Szegedhez tartozik, ami egy hagyományosan baloldali város.",0
614," Emellett a homokhátságon, ahol élek, és ahol több szavazatot kaptam, jellemzően azért nem akartak rám szavazni, akik egyébként támogatnak, mert attól féltek, hogy akkor otthagyom Ásotthalmot, és beülök a parlamentbe.",0
615,Ezek szerint képviselő lesz?,0
616,"Igen, frakcióvezető leszek.",0
617,"Az eddigi eredmények alapján elmondható, hogy a Mi Hazánk Mozgalom érdemben befolyásolta a választás végeredményét.",0
618," Még négy éve sincs, hogy a 2018-as választást követően alapították a pártot.",0
619," Úgy érzi, időarányosan elérték a céljukat?",0
620,"A legfontosabb akadályt sikerrel vettük, igen!",0
621,"Szlovákia szükség esetén inkább vállalja a Moszkva által támasztott fizetési feltételeket, és rubelben egyenlíti ki az orosz gázimportot, mintsem ártson saját gazdaságának – jelentette ki vasárnap Richard Sulík szlovák kormányfőhelyettes és gazdasági miniszter.",0
622,– mondta Sulík a szlovák közszolgálati televíziónak adott nyilatkozatában.,0
623," A miniszter kiemelte, hogy szerződésszegésként minősíthető Oroszország fizetési feltétele, de a szlovák gazdaság nem mondhat le teljes mértékben az orosz gázról.",0
624," Emlékeztetett mindenkit, hogy Szlovákia gázimportjának 85 százalékát jelenleg Oroszországból kapja.",0
625," Mindemellett hangsúlyozta, hogy dolgoznak az energetikai függőség csökkentésén a többi között cseppfolyósított fölgáz behozatalával, ehhez a műszaki feltételek megteremtése azonban még éveket vehet igénybe.",0
626,    ,0
627,"Vlagyimir Putyin orosz elnök március 23-án jelentette be, hogy az Ukrajna ellen indított orosz háborúval összefüggésben „barátságtalannak” minősített országoktól – köztük az Európai Unió valamennyi tagállamától – csak rubelben fogadják el a földgáz árát.",0
628," Válaszul erre a világ legfejlettebb ipari államait összefogó, az Európai Uniót is magában foglaló G7 csoport kormányai felszólították az országukban orosz energiahordozók importjával foglalkozó vállalatokat arra, hogy ne fizessenek rubelben az érvényes szerződések alapján Oroszországtól vásárolt földgázért.",0
629, Az orosz hatóságok március 31-ig ígérték a rubelfizetésre történő átállás összes részletének kidolgozását.,0
630," Dmitrij Peszkov, a Kreml szóvivője pénteken újságíróknak kijelentette: akkor sem áll le az orosz gázszállítás, ha a vevő április 1-jéig nem igazolja vissza, hogy kész rubelben rendezni a számlát.",0
631,(MTI),0
632,"Orbán Viktornak és a magyar népnek gratulált az országgyűlési választás eredményéhez Matteo Salvini, az olasz jobboldali kormánypárt Liga elnöke, aki elsőként üzent Facebook-oldalán vasárnap késő este.",0
633,– kezdte bejegyzését Salvini.,0
634, ,0
635,"Új korszak kezdődik Hódmezővásárhelyen, a polgárháborúnak ma este vége lett, ugyanis a háborút megnyertük – jelentette ki Lázár János vasárnap.",0
636," A Fidesz-KDNP jelöltjeként Lázár János 96,33 százalékos feldolgozottság alapján a szavazatok 52,14 százalékát szerezte meg a 39,86 százalékot elérő Márki-Zay Péterrel szemben a Csongrád-Csanád megyei 4-es választókörzetben.",0
637," Sajtótájékoztatóján azt mondta, a választókerület mind a 19 településén, így Hódmezővásárhelyen is elnyerte a választópolgárok támogatását.",0
638,"A politikus köszönetet mondott családjának és Orbán Viktor miniszterelnöknek, valamint fideszes képviselőtársainak a támogatásért, az aktivistáknak, önkénteseknek a munkájukért.",0
639,– közölte.,0
640," Hozzátette: „az elvégzett munka nem volt hiábavaló, elnyertük a választópolgárok bizalmát”.",0
641,"Lázár János azt kérte azoktól, akik támogatták, s azoktól is, akik nem rá szavaztak, zárják le a polgárháborút, fogjanak kezet, ne egymás ellen küzdjenek, hanem egymásért.",0
642," Bebizonyosodott, hogy negatív kampánnyal, gyűlölettel nem lehet eredményt elérni.",0
643," Választást csak munkával, teljesítménnyel lehet nyerni – hangsúlyozta.",0
644,"Politikához és a választásokhoz a legtöbb, ami kell, az az alázat.",0
645," A hübrisz ma veszített, és nyert az alázat – jelentette ki az hatodik parlamenti ciklusát kezdő képviselő.",0
646,"Úgy fogalmazott, munkára jelentkezik, hogy együtt dolgozzon mindenkivel a közösség fölemelkedésért,",0
647,"Kérdésre válaszolva elmondta, a győzelem személyesen is sokat jelent számára, a politikai pályafutásában úgy érzi, új korszak kezdődött.",0
648," Arra a kérdésre pedig, hogy ez azt jelenti-e, hogy visszatér az országos politikába, esetleg a kormányzatba, azt válaszolta: ma este visszatért.",0
649,(MTI),0
650,"„Nem a pártunk vicces, hanem az országunk” – mondta a szerepéből kilépve, emiatt kissé elszontyolodva az egyik passzivista a mellette állónak a Kutyapárt eredményvárójában, a Metró klubban, miközben böngészték a mobiljukon az eredményeket.",0
651," Így tett Kovács Gergely is, de ő sem találta meg a számokban a bukásuk magyarázatát, pedig nagyon kereste.",0
652," Talán ezzel magyarázható, hogy végül lefújta az eredetileg éjfélre meghirdetett értékelőjét, de a Mandinernek szívesen nyilatkozott.",0
653,"A pártelnök azt mondta, az ellenzék bukása azzal magyarázható, hogy Márki-Zay Péter fehér gyerekeket átműtött feketékké.",0
654," Hogy ez pontosan mit jelent, azt nem fejtette ki bővebben, hiába unszoltam, ehelyett rám bízta, hogy fejtsem meg a mondat értelmét.",0
655," Majd azzal folytatta, tök jó, hogy ellenzék miniszterelnök-jelöltje holnaptól mást csinál, az viszont már kevésbé, hogy Orbán Viktor ugyanazt.",0
656," Amikor a Kutyapárt szereplésének az értékelésére kértem – a beszélgetésünk idején 3,13 százalékon álltak – annyit mondott, az a legszomorúbb, hogy megverték őket a nácik, akik szerint még covid sincs.",0
657,"„Pedig nézd meg, milyen jó arcok vannak itt, megérdemeltük volna, hogy bejussunk a parlamentbe” – fogalmazott, s közben körbemutatott a passzivisták felé.",0
658," Amikor arra kértem, vázolja, milyen következményei lesznek a vereségnek, vállalja-e személyesen a felelősséget, Kovács válaszolt valamit, de a mellette állók akkora ordibálásba kezdtek, hogy elnyomták a pártelnökük szavait.",0
659," Ebből arra tudok következtetni, hogy nagyon kemény pillanatokat fog átélni, amikor Kutyapárt választásokat értékelő bizottsága – biztos van ilyen vagy ha nem, a cikkünk hatására megalakítják – színe elé fog járulni.",0
660,"De majd azzal tud védekezni – vigasztaltam –, hogy az eredményük miatt jut bőven az állami támogatásból.",0
661,„Ez mellbevágó” – kezdte az Indexnek Schiffer András a választások értékelését.,0
662," Az LMP társalapítója, egykori politikusa a Magyar Kétfarkú Kutya Párt eredményváróján a lapnak úgy összegezte az eddigi eredményeket, hogy „az összefogás diskurzus megbukott”.",0
663,"„2018-ban jó néhányan azt gondolták, hogy kettő meg kettő az öt, most pedig kiderült, hogy kettő meg kettő az egy” – mondta.",0
664,Szerinte következmények nélkül pártidentitásokat nem lehet összevonni.,0
665, „Ez egy kijózanító eredmény” – tette hozzá.,0
666," Hosszú távon szerinte az a fajta összefogás-politika, ami arról szól, hogy gyakorlatilag mindent egy „O1G-indulatban” oldanak fel, az nagy kudarchoz vezet.",0
667," Mindezt ráadásul úgy hozta össze az ellenzék, hogy – sajnos – volt egy válság, és Orbán Viktor számára jelenleg kedvezőtlen a geopolitikai helyzet.",0
668,– értesült a Mandiner.,0
669, Így Budapest hármas (XII.,0
670," kerület), tizenhármas (Kertváros), tizennégyes (XVII.",0
671," kerület), egyes (Belváros, Budavár), illetve 6-os (Józsefváros-Ferencváros) számú egyéni választókerületében.",0
672, Valóban.,0
673, Több körzetben is nagyon szoros eredmény született.,0
674,"Korábban Karácsony Gergely főpolgármester korábban úgy fogalmazott, hogy Budapesten tarol az ellenzék, országosan pedig szoros lesz a vége.",0
675, Nem így lett.,0
676,"Bár a baloldal valószínűleg behozta a körzetek döntő többségét (így Orosz Anna, Tordai Bence, Oláh Lajos, Hiszékeny Dezső, Hadházy Ákos, Arató Gergely, Szabó Tímea, Varju László, Barkóczi Balázs, Kunhalmi Ágnes, Hiller István, Tóth Endre, Szabó Szabolcs), 2 körzetben (13-as és 14-es körzetben) szinte biztosan nyert a Fidesz-KDNP.",0
677,Budapest 3.,0
678, – Győztes: Hajnal Miklós (Összefogás),0
679,Budapest 13.,0
680, – Győztes: Szatmáry Kristóf (Kormánypártok),0
681,Budapest 14.,0
682, – Győztes: Dunai Mónika (Kormánypártok),0
683,Budapest 1.,0
684, – Győztes: Csárdi Antal (Összefogás),0
685,Budapest 6.,0
686, – Győztes: Jámbor András (Összefogás),0
687,A választási közvetítésünket IDE kattintva tudják elolvasni.,0
688,"A kormányzó Szerb Haladó Párt nyerte meg az előrehozott parlamenti választást, Aleksandar Vucic pedig az elnökválasztást Szerbiában az előzetes eredmények szerint.",0
689,"A Szabad Választásokért és Demokráciáért Központ (CeSID) és az Ipsos közvélemény-kutató számítása szerint – amely saját adataik 70,6 százalékos feldolgozottságán alapul – az előrehozott parlamenti választáson a Szerb Haladó Párt a voksok 43,1 százalékát szerezte meg, ami 121 mandátumra lesz elegendő, az ellenzéki Együtt Szerbia Győzelméért koalícióra a szavazópolgárok 13,2 százaléka adta a voksát (36 mandátum), míg a Szerbiai Szocialista Párt a szavazatok 11,4 százalékát (32 mandátum) tudhatja magáénak.",0
690, Ezen felmérés szerint,0
691,"Az elnökválasztáson a CeSID és az Ipsos szerint az első helyet Aleksandar Vucic szerezte meg 59,1 százalékkal, míg a második helyen az ellenzéki Zdravko Ponos végzett 17,5 százalékkal, ezek alapján úgy tűnik, nem lesz második forduló.",0
692," A szerbiai választási bizottság 21 órakor tartott sajtótájékoztatót, ám a testület nem közölt a részvételi arányra vonatkozó adatokat, csak annyit jelentett be, hogy lezárult a szavazás, és hétfőn 20 órakor közölnek előzetes eredményeket.",0
693,"A választási bizottság internetes oldalán követhető adatok alapján, 12,4 százalékos feldolgozottság mellett a Szerb Haladó Párt a voksok 50,6 szerezte meg, a második helyen Szerbiai Szocialista Párt végzett 13,1 százalékkal, a harmadik pedig az ellenzéki Együtt Szerbia Győzelméért koalíció lett 7,69 százalékkal.",0
694," A választási bizottság adatai szerint 12,08 feldolgozottság mellett az elnökválasztást Aleksandar Vucic nyerte meg már az első fordulóban 69,01százalékkal.",0
695,(MTI),0
696,"Az első félidőben azoknak lett igazuk, akik azt állították: az orosz mester keze alatt egyre stílusosabban játszó Fradi ezúttal simán legyőzi egyik legfőbb riválisát, hiszen a 4.",0
697," percben hiába szerzett lesgólt a Puskás Akadémia, a bajnokcsapat fokozatosan átvette a játék irányítását.",0
698,A fölény a 18.,0
699," percben érett góllá, amikor egy nagyon szép vendégtámadás végén, a télen a görög PAOK Szalonikitől – kifejezetten Sztanyiszlav Csercseszov kérésére – a Ferencvároshoz érkező Anderson Esiti lőtt bombagólt Nguen Tokmac visszagurításából.",0
700,Érdekesség: ,0
701,"(az elsőt még a Göztepe futballistájaként lőtte a török élvonalban), nem véletlen, hogy a látványos találata után a fejét fogta – még ő sem hitte el, hogy betalált!",0
702,"A második játékrész szinte rögtön Fradi-góllal kezdődött: a mérkőzés folyamán többször is remek labdákat osztogató Olekszandr Zubkov ezúttal Ryan Mmaee-t ugratta ki a leshatáron, a zöld-fehérek házi gólkirálya pedig magabiztosan lőtte el a labdát a hazai kapus, Tóth Balázs mellett.",0
703, ,0
704,"Ekkor már mindenki számolgatott, és azt mondogatta a Pancho Aréna lelátóján, hogy eldőlt a bajnoki cím, hiszen a Ferencváros előnye 10 pontra nőtt - ám ekkor a PAFC hirtelen megrázta magát!",0
705,"Előbb a zöldek ellen már negyedik találatát szerző Libor Kozák (a nyurga cseh szinte csak a Fradi ellen tud eredményes lenni a magyar élvonalban) fejelt védhetetlenül Dibusz Dénes kapujába - a Ferencváros belső védői Baluta beadásánál enyhén szólva elaludtak -, ám a hidegzuhany csak ezután következett számukra: a feltűnően indiszponált Samy Mmaee a második vendégtalálatnál is hibázott, a berobbanó Patrizio Stronatit találta telibe, akiről a labda a hálóba pattant.",0
706,"Sőt, a marokkói válogatott védő néhány perccel később rátett még egy lapáttal: újabb rossz helyezkedése és bénázása után az Ukrajnából elmenekülő, a mérkőzésen végig agilisan és veszélyesen játszó iráni, Sahab Zahedi került kecsegtető helyzetbe, de a Fradi szerencséjére nem találta el a kaput.",0
707,    ,0
708,"teátrális mozdulatokkal kérte számon, hogy tulajdonképpen miért is kell idő előtt elhagynia a pályát, de az orosz-oszét mester egy pillanat alatt rendet tett: ellentmondást nem tűrően jelezte a légiósnak, hogy neki most már csak a kispadon jut hely!",0
709,"A Puskás egyenlítését követően mintha mindkét csapat megnyugodott volna, a bajnokcsapat játékosai a vészjósló percek után rájöttek arra: nekik tulajdonképpen az egy pont is megfelelő Felcsútról, így a hátralévő 20 percben érdemleges eseményt nem is tudtunk feljegyezni.",0
710, ,0
711,"Ha csak azt nem, hogy a tabellát így is hét pont előnnyel vezető Ferencvárosnak sok izgulnivalója nincs, hiszen, ha a hátralévő hét fordulóban csak a papírforma-győzelmeket behúzza, újra aranyérmes lehet.",0
712,"Jellemző, amit a találkozó lefújása után az egyik Fradi-szurkoló mondott:",0
713,"„A lényeg, hogy megmaradt a hétpontos előnyünk, így nem is tudom elképzelni, hogy ne mi legyük újra az elsők!",0
714," A következő fordulóban a halovány Debrecent lendületből kell verjük, utána Honvéd és az Újpest ellen presztízsből nyernünk kell!",0
715," Ha pedig ez a három győzelem meglesz, Pakson még ki is kaphatunk, így szerezve örömöt Böde Daninak, hiszen az utolsó három fordulóban gálamérkőzések következnek: a Zalaegerszeget valamint a szerintem két kiesőt, az MTK-t és a Gyirmótot többgólos vereséggel küldjük a másodosztályba!",0
716,”,0
717,Nyitókép Ryan Mmaee-ra nem lehet panasz: ezúttal is eredményes volt!,0
718,"Belép a politikába Nagy Ervin színész, ha ismét a Fidesz nyer – ezt mondta a Partizán eredményvárójában.",0
719, A propeller.,0
720,hu cikke szerint úgy fogalmazott:,0
721,"„Nem gondolom azt, hogy ezek a folyamatok hosszú távon tarthatóak.",0
722," Nem szeretném, ha az országomnak a becsületét végképp eljátszanák Nyugat-Európában” – mondta színész, aki nemrég azt mondta: egyelőre nem látja magában a potenciált ahhoz, hogy elnök legyen, mint Volodimir Zelenszkij.",0
723,"Az első nagyobb üdvrivalgás akkor hangzott el a Kutyapárt eredményvárójában, amikor kiderült, „Van kajaaaaaa!",0
724,"”, de hogy ebből ki kapott, azt nem lehet tudni.",0
725," Az újságírók biztosan nem, ezért nem lesz olyan pozitív hangvételű ez a cikk, mint akkor lett volna, ha jóféle grillekkel traktáltak volna, ahogy azt Kovács Gergő ígérte, amikor akkreditáltam – ez a kifejezés persze önmagában vicc ennél a pártnál – a fotós kollégával magunkat az eseményre.",0
726," Azt inkább hagyjuk, hogy arról volt szó, a Teleki Blanka utcai titkos bunkerükben fogják nyomon követni az eseményeket, arról azonban elfelejtettek értesíteni, hogy mégsem ott lesz.",0
727," Csak akkor vált gyanússá a dolog, hogy valami változás történhetett a programban, amikor este 7 óra felé",0
728,"Egy hölgy nyitott ajtót, amikor megtaláltuk a bejáratot.",0
729," Savköpő Menyétként mutatkozott be, és sokáig nem tudtuk eldönteni, poénkodik-e, amikor azt mondta, a Metró klubban már megy a buli, itt rajta kívül nincs senki.",0
730," Kénytelenek voltunk megfenyegetni, hogy nem fogunk drukkolni, hogy bejussanak a parlamentbe, így halálra vált arccal közölte, nem humorizál, tényleg ott van az eredményvárójuk.",0
731," De ha nem hisszük – érvelt – , hívjuk fel a Gergőt.",0
732," Ettől inkább eltekintettünk, nem szerettünk volna egy képviselőjelölttel durva hangot megütni, főleg, ha netán honatya is lesz belőle.",0
733,"A Metró Klubban egyébként remek a hangulat, pár százan lehetnek – köztük négy-öt kutya a négylábú fajtából –, bár többen vannak az utcán, mint benn, ezen nincs mit csodálkozni, a kutyapártosok törvénytisztelő emberek, nem dohányoznak zárt helyiségben.",0
734," A nagyteremben egy zenekar játszik, de nem sikerült kiderítenünk a nevüket, a legtöbben söröznek.",0
735," Gondoltam, kihallgatom, hogyan latolgatják az esélyeket,",0
736,"lehet, hogy sokan nem is azért jöttek ide, azt persze nem merjük feltételezni, hogy van, aki nem is tudja, hogy ma kellett voksolni.",0
737,"Végül találtunk valakit, aki némi győzködés után hajlandó volt esélylatolgatásra.",0
738," Kis Anna – egy s-sel – hangsúlyozta, hogy ő nem passzivista, csupán szimpatizáns, előbb szerényen csak annyit mondott, 10-12 mandátumra számít, de inkább kérdezzük meg a barátját, javasolta, aki jobban benne van ezekben a dolgokban.",0
739," Közöltük vele, hogy ő kiváló interjúalany, biztos képben van.",0
740," Ezek után nem csoda, hogy büszkén jelentette ki, bizony győzelemre számít és nem csak ő.",0
741," A cikk írása közben azonban szabadkozva közölte, hogy ő valójában Tóth Boróka Hannának hívják, de a többi igaz.",0
742,"A második üdvrivalgás akkor tört ki, amikor Suzi – alias Döme Zsuzsa alelnök vagy valami hasonló, leginkább Kovács Gergely párja és Ferencváros alpolgármestere – miközben a Pesti tévének nyilatkozott, örömmel közölte, hogy a riporterrel történő beszélgetésből az derült ki, a Pesti Srácok nem akarja leváltani a Kutyapártot.",0
743,"Facebook-posztban köszönte meg Márki-Zay Péter az összes magyar választónak, hogy elment szavazni.",0
744," Egyben háláját fejezte ki a civilek felé, akik a választás tisztaságát ellenőrizték.",0
745," A baloldal miniszterelnök-jelöltje reagált a választási bizottság közlésére is, miszerint nem képesek ellenőrizni a határon túli szavazatok tisztaságát:",0
746,„Ezt láthattuk a megsemmisített ellenzéki szavazatokból is.,0
747," Reméljük, nem ezeken a szavazatokon múlik majd a győzelmünk, mert az alkotmányos válságot okozhat Magyarországon.",0
748,”,0
749,"Mint arról korábban lapunk is beszámolt, az idei országgyűlési választáson és népszavazáson súlyos szabálytalanságra hívta fel a figyelmet Hende Csaba, a Fidesz országgyűlési képviselője.",0
750," A politikus közölte, Szombathelyen külön megkérdezi a választókat a bizottság, kérik-e a népszavazási szavazólapot is.",0
751, Ezzel ellentétben,0
752,A Mandiner olvasói lapunknak több fórumon is jelezték: ők/ismerőseik/családtagjaik is szemesültek a Hende Csaba által jelzett szabálytalansággal.,0
753,Olvasóink egy-két üzenetét az alábbiakban változtatások nélkül közöljük:,0
754,"„A legutolsó választási bejelentkező videójukban említették a Népszavazással kapcsolatban, hogy több szavazókörben  is megkérdezték, hogy szeretnék e a szavazók az ívet, és amennyiben ilyet tapasztalunk jelenthetjük Önöknek.",0
755,Én Budapest VII.,0
756, kerületi Kertész utcai 4-es szavazókörbe mentem reggel 6 ra szavazni ami az átjelentkezetteknek van fenntartva .,0
757, Már ilyen korán reggelt is sor alakult ki így akaratlanul is hallottam az elöttem sorakozók párbeszédét a felügyelőkkel.,0
758," Feltűnő volt, hogy a fiatal, hölgy mindenkitől (beleértve engem is) külön megkérdezte fura módon, hogy ""Szeretne népszavazási papírt vagy inkább nem?",0
759,""".",0
760," Számomra ez azt a benyomást adta, hogy a hölgy szerette volna az ""inkább nem"" választ hallani.",0
761, Volt is olyan egyébként aki ezt válaszolta a kérdésre.,0
762," Számomra ez befolyásolásnak tűnik ezért is gondoltam, hogy megosztom Önökkel.",0
763,”,0
764,***,0
765,Bp.,0
766,",XIII 6.",0
767," szavazókör, mindenkitől megkérdezték, sőt egy hölgynek a kérdésére, hogy ""hem automatikusan kellene adniuk?",0
768,""" az volt a válasz, hogy meg kell kérdezniük.",0
769,.,0
770,.,0
771, ,0
772,Radikális jobboldali tüntetésről kaptuk információt egy olvasónktól.,0
773," Olvasónk szerint sok rendőr van a Kossuth tér környékén, a beszámolója szerint több mint ahány fáklyás tüntető,",0
774,A tüntetésről további információink egyenlőre nincsenek.,0
775,"Hatalmas munkát végzett az ellenzék, akárcsak aktivistáik és a választásban részt vevő állampolgárok – hangsúlyozta a hatpárti összefogás budapesti eredményváróján vasárnap este, egy órával az urnazárás után Lukácsi Katalin, a Mindenki Magyarországa Mozgalom alelnöke.",0
776,"Arról beszélt: nemcsak a demokrácia, de „az Egységben Magyarország csapatának ünnepe is a mai nap”, hiszen – noha nem lehet sejteni a végeredményt – „látható, hogy fej fej mellett áll a két tömb”.",0
777,"Hozzátette: hatalmas teljesítmény, hogy az ellenzéki összefogás „egyenrangúra hozta azt a versenyt, ahol egyértelműen lejtett a pálya a Fidesz, a kormánypárt, lényegében az állampárt számára”.",0
778,(MTI),0
779,"Amint korábban beszámoltunk róla, a 15 órási adatok alapján továbbra is kisebb a részvételi arány, mint négy éve.",0
780, Kövesse velünk ide kattintva a választás és a népszavazás fejleményeit!,0
781,"Itt van az öt választókerület, ahol a legnagyobb részvételt mérték 15 órakor:",0
782,"A részvétel valószínűleg nem éri majd el a 2018-as számot, de a budapesti növekedés bizakodásra ad okot az ellenzéknek, akik amiatt viszont aggódhatnak, hogy olyan fellegváraikban, mint például Szeged, nem mennek sokan voksolni.",0
783, Emögött akár Márki-Zay Péternek a baloldalon való népszerűtlensége is állhat – vélekedik Nagy Attila Tibor.,0
784,"„Elvileg még elérhetjük a 2018-as részvételi szintet, de úgy tűnik, kicsit lelassult az a növekedés a választói hajlandóságban, ami 13 órakor érezhető volt” – mondta az Indexnek Nagy Attila Tibor, akit a 15 órakor közzétett, 52,75 százalékos részvételi adatok kapcsán kérdeztünk.",0
785,"A politikai elemző kifejtette, bizakodásra ad okot az ellenzéknek, hogy Budapesten erősödik a részvétel, és a főváros körüli agglomerációban is – ahol most jobb eredményre számíthat a baloldal, mint 4 éve –, ugyanis 2018 óta sokan költöztek ki Budapestről.",0
786,"Izgalmas lesz, milyen eredmények születnek Pest megyében – vélekedett a politikai elemző.",0
787," Nagy Attila Tibor arról is beszélt, hogy az ellenzéknek erősítenie kellene olyan, hagyományosan baloldali fellegvárakban, mint Szeged, ahol magasabb részvételre számíthattak.",0
788,– vélekedett a szakértő.,0
789," Az Index kérdésére, hogy Márki-Zay Péternek az ellenzéki törzstáboron belüli alacsony elfogadottsága lehet-e az oka annak, hogy egyes ellenzéki fellegvárakban alacsonyabb a részvétel, Nagy Attila Tibor úgy fogalmazott:",0
790,"A politikai elemző azt is hozzátette, a kormánypártok szintén jobb eredményekre számíthattak olyan, stabilan jobboldali megyékben, mint például Szabolcs-Szatmár-Bereg, ahol elmarad a részvétel az átlagostól.",0
791,"Hann Endre, a Medián közvélemény-kutató igazgatója azt nyilatkozta a Telexnek, hogy a 11 órai adatok alapján feltűnően elmarad a részvétel 2018-hoz képest, ugyanakkor 2002-höz képest nem.",0
792," Hozzátette, hogy nem érdemes messze menő következtetést levonni, mert „soktényezős egy ilyen részvételi mozgósítási képlet”.",0
793," 11 óráig a választók 25,77 százaléka ment el voksolni, négy éve pedig csaknem harminc százalékos volt a részvételi arány.",0
794,"A közvélemény-kutató emlékeztetett: 2018-ban napos idő volt a szavazás napján, sokan utaztak a Balatonra, visszafele dugók alakultak ki.",0
795," Szerinte emiatt sok szavazó nem jutott el időben a szavazóhelyiséghez, ezért maradt el a részvétel a várttól.",0
796," Viszont nem tartja valószínűnek, hogy a mostani rossz idő bárkit is eltántorítana a szavazástól.",0
797, Szerinte,0
798,"A Medián igazgatója az adatokból azt látja, hogy az ellenzéki szavazók részvételi hajlandósága valamivel magasabb, mint a Fidesz szimpatizánsaihoz képest, ami szerinte meglepő, mert nem ez szokott lenni az általános.",0
799," Ennek ellenére az utolsó kutatásokból azt lehet kiolvasni, hogy szoros lehet az eredmény, némileg a Fidesz javára.",0
800,"A közvélemény-kutató március 30-án publikált felmérése 128-71 arányban a kormánypártok biztos győzelmét hozta ki, a kutatás szerint a Fidesz-KDNP 50 százalékon, az egyesült ellenzék 40 százalékon áll a választásra jogosultak körében.",0
801," Hann elmondta, hogy a felmérés nem vette el az ellenzéki szavazók kedvét, sőt, akár a Fidesz-KDNP kevésbé elkötelezett támogatói a kormánypártoknak kedvező előrejelzések miatt otthon maradhatnak.",0
802,"A szakértő úgy foglalta össze a kilátásokat, hogy szorosabb lehet a végeredmény, mint amit utoljára mértek, magas részvételre kell számítani, és lehetséges, hogy az ellenzéket valamivel jobban mozgósította a kutatásban szereplő Fidesz-fölény.",0
803,"Ellenzéki megfigyelők arról posztoltak ma a közösségi platformokon, hogy Tanyajárat néven menetrendszerű buszjáratot hirdetett meg a Hortobágyi Önkormányzat a választás napjára, hogy ezzel szállítson szavazókat.",0
804, ,0
805,A Nemzeti Választási Iroda adatai szerint jelenleg névjegyzékben szereplő választópolgárok száma hazánkban 7 693 857 Fő.,0
806, A választásra jogosultak közül,0
807,A 2022-es országgyűlési választás fejleményeit ide kattintva követheti.,0
808,Tartson velünk!,0
809,"A választásra rendelkezésre álló idő harmada még hátra van, a pártok igyekeznek mozgósítani utolsó tartalékaikat is.",0
810," Így tett Orbán Viktor is: a miniszterelnök személyesen hívott fel egy szavazót, hogy buzdítsa a voksolásra.",0
811,"„Egyet  behoztam” – jegyezte meg, miután letette a telefont.",0
812,"A választásra jogosultak 40,01 százaléka, 3 078 029 szavazó járult az urnákhoz a vasárnapi országgyűlési képviselő-választáson 13 óráig a Nemzeti Választási Iroda (NVI) adatai szerint.",0
813," A részvételi arány 13 órakor Pest megyében volt a legmagasabb, 42,2 százalék, ami 436 471 szavazót jelent.",0
814," A legalacsonyabb részvételi arány Szabolcs-Szatmár-Bereg megyében volt, 35,26 százalék, ebben a megyében 152 315-en voksoltak.",0
815,"A fővárosban a szavazók 42,7 százaléka, 547 276 választópolgár adta le szavazatát 13 óráig.",0
816,"Az 1998-as parlamenti választás első fordulójában 32,58 százalék, a 2002-es választáson 40,19 százalék szavazott 13 óráig.",0
817," A 2006-os parlamenti választás első fordulójában a választásra jogosultak 38,22 százaléka, a 2010-es választáson 35,88 százalék, nyolc évvel ezelőtt 34,33 százalék, négy évvel ezelőtt pedig 42,32 százalék voksolt 13 óráig.",0
818,Az NVI a nap folyamán kétóránként közöl összesítést a részvételi arányokról.,0
819, A következő adatok 15 óra után lesznek elérhetők az NVI honlapján.,0
820,(MTI),0
