Unnamed: 0,site,title,date,writer,content,comments,label
0,Kronika(RO),"Kelemen Hunor: partnerség van, nem adta el magát az RMDSZ a Fidesznek","								2022. április 11., 13:58								",Pataky István,"||Egyesek egy visszhangszobában ülnek, nem látják, miként változott a világ körülöttük, meg vannak győződve arról, hogy az a valóság, amit az ő visszhangszobájuk eljuttat a fülükbe – így reagált Kelemen Hunor a Fideszt és az RMDSZ-t támadó szűk, de hangos erdélyi értelmiségiek csoportjának vádjaira.| Az RMDSZ elnöke a Krónikának azt is elmondta: a határon túli magyarok voksukkal megerősítették a budapesti nemzetpolitika helyességét az országgyűlési választáson.||– Megvan a magyarországi választások előzetes eredménye, ismét kétharmados győzelmet aratott a Fidesz-KDNP, a négy évvel ezelőttinél lényegesen több levélszavazat érkezett Erdélyből, ahol megint kilencven százaléknál magasabb támogatást kaptak az anyaországi kormánypártok.| Mit szól az eredményekhez?||– Huszonnégy százalékkal emelkedett az erdélyi levélszavazatok száma a négy évvel ezelőtti választásokhoz képest.| Nőtt azoknak a száma is, akik a konzulátusokon éltek a szavazati jogukkal, oda kérték a szavazólapot.| Ez azt jelenti, hogy az érdeklődés növekedett a magyarországi megmérettetéssel kapcsolatban, amit egy jó jelnek tartok.| A magyar állampolgársággal is rendelkező erdélyi magyarok a kizárólag pártlistákra adott szavazatukkal véleményt mondhatnak arról, hogy milyen kapcsolatot ápolt és épített a magyar kormány a határon túli közösségekkel.| Tehát a nemzetpolitikáról is véleményt mondhatnak ezáltal.| Ezt nagyon fontosnak tartom, ezért is biztattuk arra az embereket, hogy vegyenek részt a szavazáson.||A végeredmény megerősíti azt, hogy az elmúlt bő évtizedben végbement nemzetpolitikai fordulatot, paradigmaváltást a határon túli magyarok helyesnek tartják.| |Ezen belül az olyan típusú elemekre gondolok, amelyek nem írhatók le pénzzel: a kettős állampolgárság lehetősége, a szolidaritás, az összetartozás érzése.| Ezek inkább az érzelmekhez kötődnek, a szívhez szólnak.| Valószínűleg ezt nem értette és ezt nem érti a magyar ellenzék.| A magyarországi kétharmados győzelem fontos, hiszen nehéz időszakban ad nagy legitimitást, amikor egy megváltozott európai és globális politikai környezetben kell dolgoznia a magyar kormánynak.| Ez olyan felhatalmazás, amelyet egy demokrata ember nem kérdőjelezhet meg.| Kiváló eredmény született, köszönet mindazoknak az erdélyi magyar embereknek, akik éltek a szavazati jogukkal.||– Mire számít nemzetpolitikai téren a következő négy évben?||– Az elkezdett utat kell folytatni.| Nem zárom ki egy-két kérdés árnyalását.| A támogatások tekintetében nyilván azokra a területekre, ahol sikerült elérni a kitűzött célokat, megvalósítani az eredményeket, oda kevesebb anyagi támogatásra van szükség, más területekre viszont több.| A gazdaságpolitikai támogatást nyilvánvalóan folytatni kell.||Az új budapesti kormány beiktatása után közösen át fogjuk tágyalni a helyzetet.| Lényeges váltásra nincs szükség szerintem.| |Azt is látni kell, hogy gazdasági válságban van az egész Európai Unió, ez a válság mélyülni fog a következő években, ilyen időszakokban nagyon pontosan be kell mérni, hogy milyen típusú közpolitikára, támogatási politikára van szükség.| A legfontosabb ügyekre mindenképpen biztosítani kellene költségvetési forrásokat, s ez nem csak a nemzetpolitikára vonatkozik.||– A Fideszt és az RMDSZ-t támadó kis, de hangos erdélyi magyar értelmiségiek csoportjának egyik fő szószólója, Eckstein-Kovács Péter egykori szenátor egy interjúban azt mondta, hogy szerinte a transzilvanizmus feladása zajlik a szövetségben, az RMDSZ pedig eladta magát a Fidesznek.| Mit válaszol ezekre a vádakra?||– Egyik állítás sem igaz.| Mi az, hogy eladta magát az RMDSZ?| Van egy partnerség a Fidesszel, de ez mitől eladás?| A politikában szövetségek vannak, a nemzetpolitikában még inkább.| Szükség is van erre a szövetségre.| El tudok én is képzelni sokféle viszonyulást a magyar–magyar kapcsolatrendszerben is, mert gazdag a fantáziám.| A gond az, hogy ennek az állításnak semmiféle alapja nincsen.| Ugyanezt tudom mondani a transzilvanizmus állítólagos feladásáról.||Egyesek egy visszhangszobában ülnek.| Nem látják, hogy miként változott a világ körülöttük, ők csak a saját hangjukat, saját véleményüknek a visszhangját hallják évek óta, és meg vannak győződve arról, hogy az a valóság, amit az ő visszhangszobájuk eljuttat a fülükbe.| Ha pedig véletlenül megjelenik egy másik hang, az rettenetesen zavarja őket.| |Az a baj ezzel a hozzáállással, hogy ők, akik a nyitottság világbajnokainak tekintik magukat, valójában bezáródnak egy visszhangszobába.| Ez az én diagnózisom.| Lehet ezzel is vitatkozni, de én ezt így látom.| Évek óta ugyanazt mondják, azt egyre hangosabban ismétlik, mintha a saját véleményükön kívül semmi mást nem hallanának.|||– Ha minden jól megy, egy hosszabb, választásoktól mentes időszak következik Romániában és Magyarországon egyaránt.| Ebben a kampányoktól mentes időszakban talán nagyobb esélyt kap a magyar–román államközi viszony erősítése.| Van erre esély?||– Kétségtelen, hogy a kétoldalú kapcsolatok dinamikáját befolyásolják a választási kampányok.| Ilyenkor a partnerek inkább megvárják a megmérettetés végét.| Az utóbbi időben stagnálás volt a magyar–román viszonyban, de szerintem ebből az állapotból el fogunk mozdulni.||Jó esélyt látok arra, hogy a következő hetekben, hónapokban, miután – vélhetően valamikor május végén – megalakul az új magyar kormány, újabb lendületet lehet adni a kétoldalú kapcsolatoknak.| |Folytatni kell azokat a szakpolitikai egyeztetéseket, amelyek több területen is elindultak.| Gazdaság, energetika, kultúra, mezőgazdaság, környezetvédelem – hosszan lehetne sorolni azokat a területeket, amelyeken fel lehet gyorsítani a kapcsolatokat, a szaktárcák egyeztetését.| Mi azt fogjuk szorgalmazni, hogy mihelyt beiktatták az új magyar kormányt, a román kabinet tagjainak részéről is legyen meg a megfelelő nyitás a kapcsolatok élénkítésére.",,1
1,Kronika(RO),Jövő őszre készülnek el a dévai vár felújításával,"							2022. április 11., hétfő",•,,,1
2,Kronika(RO),"Az egészségügyi rendszerben maradhatnak azok, kiket a veszélyhelyzet idején alkalmaztak","								2022. április 11., 16:01								",Krónika,"||Jövő őszre kell befejezni a dévai vár főbejáratánál zajló felújítási munkálatokat, közölte hétfőn a Hunyad megyei város vezetése.||A megyeszékhely és egyben Erdély egyik fontos jelképét európai uniós támogatással restaurálják, a vissza nem térítendő támogatás mértéke 18,7 millió lej.| A felújítási munkálatok 23 hónapig tartanak, a határidő 2023.| október 23.|, közölte Florin Oancea polgármester.||Elmondta, a munkálatok során megerősítik a kőfalakat, ahol szükséges, újjá is építik, restaurálják a díszítőelemeket, tetőzetet.| |Emellett felújítják a főbejárat és a fejedelmi palota környékét, de a déli és keleti részen is dolgoznak majd.| Az egykori lőszerraktárba multifunkcionális termet rendeznek be, ahol fegyverkiállítást is láthatnak majd a látogatók.| Szabadtéri színpadot is kialakítanak, ahol kulturális és hagyományőrző rendezvényeket tartanak majd, írja az Agerpres.||Multifunkcionális terem lesz az egykori borpincében is, ugyanakkor egy kőtár is létesül, ahol az erődítmény eredeti alapjait is meg lehet majd csodálni.| |A várudvaron is dolgoznak majd, ezt színházi előadások, koncertek számára teszik alkalmassá.| A felújítás tavaly októberben kezdődött, miután a vár ezen része romos állapota miatt le volt zárva a turisták előtt.||A dévai várnak eddig a másik két bejárata újult meg 38,4 millió lejes uniós támogatással.| 2016 óta látogathatók ismét, azóta szezononként átlagosan 170 ezer turista kereste fel a létesítményt.||A Déva fölé magasodó várat jelenleg csupán gyalogosan lehet meglátogatni három útvonalon, ugyanis a felvonó is felújítás alatt van, egy új, 30 férőhelyes kabint kap.| Ennek legkésőbb idén júliusra kell elkészülnie.| A várra vonatkozó legkorábbi történeti adatok a 13.| század második feléből maradtak fenn.| A középkori Magyar Királyság fennállásának évszázadaiban kisebb megszakításokkal királyi birtok volt és az erdélyi vajda tisztségéhez tartozott.| I.",,0
3,Kronika(RO),"Budapest reagált a szlovák házelnök kijelentésére, miszerint Orbán Putyinnal feldarabolhatja Szlovákiát","								2022. április 11., 14:19								",Hírösszefoglaló,"||Az egészségügyi rendszerben maradhatnak azok a személyek, akiket a Covid-19 járvány miatt kihirdetett veszélyhelyzet idején alkalmaztak az egészségügyi igazgatóságok és mentőszolgálatok – döntött hétfőn a kormány.||A Ciucă-kabinet hétfői határozata az egészségügyi minisztérium megszervezését és működését szabályozó 2010/144-es kormányhatározatot módosítja.||A kormány tájékoztatása szerint a jogszabály azoknak a vizsgáknak teremt törvényes keretet,|amelyek révén az egészségügyi igazgatóságokhoz és mentőszolgálatokhoz a járvány alatt felvett kétezer személyt meghatározatlan időre alkalmazhatják.||A minisztériumon belül egy speciális struktúrát is létrehoznak a reformok végrehajtására és az országos helyreállítási terv gyakorlatba ültetésének monitorozására – mutat rá az Agerpres által idézett közlemény.||Mint ismeretes, a múlt héten Alexandru Rafila egészségügyi miniszter úgy nyilatkozott, a világjárvány idején alkalmazott egészségügyi dolgozóknak vizsgázniuk kell ahhoz, hogy törvényesen folytathassák munkájukat.| |


Rafila: a pandémia alatt alkalmazott egészségügyi dolgozók csak vizsgával tarthatják meg állásukat
					A világjárvány idején alkalmazott egészségügyi dolgozóknak vizsgázniuk kell ahhoz, hogy törvényesen folytathassák munkájukat – közölte csütörtökön az egészségügyi miniszter.",,0
4,Kronika(RO),Erdély-szerte programokkal várják a líra kedvelőit,"								2022. április 11., 14:51																• utolsó módosítás: 2022. április 11., 14:56								",Krónika,"||„Valószínűleg elnézte a naptárat” – így reagált a budapesti Külgazdasági és Külügyminisztérium tájékoztatásért és Magyarország nemzetközi megjelenítéséért felelős államtitkára hétfőn a szlovák parlament elnökének meghökkentő állítására.||Boris Kollár, a pozsonyi törvényhozás elnöke a hét végén azt állította: elképzelhető, hogy Vlagyimir Putyin segítségével Orbán Viktor feldarabolja Szlovákiát.| Egy vasárnap sugárzott televíziós vita közben Kollár arról beszélt, szerinte az orosz agresszió olyannyira átrendezheti az európai békerendszert, hogy azt kihasználva a magyar miniszterelnök „felparcellázhatja” az országot.||A Ma7 szlovákiai magyar portál tudósítása szerint a házelnök többször is Magyarország felől érkező fenyegetésről beszélt.||„Nagy-Magyarországról beszélnek, ingatlanokat vásárolnak nálunk, útleveleket osztogatnak!| Ez nem vicc!|” – hangoztatta Boris Kollár, aki úgy véli, hogy a nemzetközi rendszer oroszok általi aláásása Szlovákia szuverenitását is veszélyezteti.| Véleménye szerint ezt a helyzetet idővel Orbán Viktor is kihasználhatja.||A pozsonyi házelnök szavaira hétfőn Menczer Tamás államtitkár úgy reagált: Budapest sokat dolgozott azért, hogy Magyarország és Szlovákia együttműködése folyamatosan fejlődjön, és készen áll arra, hogy a kétoldalú kapcsolatokat tovább építse.| A Külgazdasági és Külügyminisztérium tájékoztatásért és Magyarország nemzetközi megjelenítéséért felelős államtitkára Facebook-bejegyzésében kifejtette: a Szlovák Nemzeti Tanács elnöke „valószínűleg elnézte a naptárat, tisztelettel felhívjuk Boris Kollár figyelmét arra, hogy a XXI.| században élünk”.||Menczer hangsúlyozta: az elmúlt évtizedben „mi nagyon sokat dolgoztunk azért”, hogy Magyarország és Szlovákia együttműködése folyamatosan fejlődjön, és azzal mindkét ország jól járjon.",,1
5,Kronika(RO),Feloldották a kijárási tilalmat Sanghaj egyes részein,,,,,1
6,Kronika(RO),"Brüsszel orosz légitársaságok működését tiltotta meg az EU területén, Zágráb diplomatákat utasított ki","								2022. április 11., 16:08								",MTI,"||Feloldották a vesztegzárat hétfőn a koronavírus-járvány újabb hulláma miatt lezárás alatt álló Sanghaj egyes részein – számolt be internetes kiadásában a Global Times című kínai lap.||A Kína fontos pénzügyi és gazdasági központjának számító, 25 milliós város több mint 7500 lakónegyedében oldották fel a szigorú kijárási tilalmat.| Az enyhítés életbe lépését követően a kijelölt, alacsonyabb kockázati fokozatba sorolt lakónegyedek lakói számára engedélyezett lesz a szabad mozgás „bizonyos területeken” – írta a Global Times.||Az egyelőre nem ismert, hogy a kijárási tilalom feloldása hány emberre vonatkozik.| A hatóságok beszámolója szerint|a lakónegyedek kockázati fokozatát akkor értékelhetik alacsonynak, ha két héten át egyetlen új esetet sem azonosítanak a lakók között.||A hétfői közlés szerint még több mint 7600 területen maradt érvényben a kijárási tilalom Sanghajban, míg további 2460 terület, ahol az elmúlt egy hét során nem regisztráltak új eseteket, „ellenőrzés alatt áll”.| Az ellenőrzött területeken élők elhagyhatják otthonaikat, és szabadon közlekedhetnek a lakókörzetükön belül.||A South China Morning Post című hongkongi lap beszámolója szerint a város belvárosában néhány élelmiszerbolt számára is engedélyezték az újranyitást.||Sanghajban március 28-án léptettek életbe egy eredetileg két szakaszosra tervezett vesztegzárat, amely alapján előbb a város keleti, majd április 1-étől a nyugati részeit zárták le.| |Miután azonban a tömeges tesztelések során nagy számú fertőzöttet szűrtek ki a város minden részén, a hatóságok a vesztegzár meghosszabbítása mellett döntöttek.| Az intézkedések nyomán azonban a város lakói egyebek mellett akadozó élelmiszerellátásra, élelmiszerhiányra, valamint esetenként a szükséges orvosi ellátás hiányára panaszkodtak.||A városban a napi új esetek száma hétfőn a tizedik egymást követő napja döntött újabb rekordot.| Az elmúlt egy nap során 914 új megbetegedést, és 26 087 tünetmentes vírushordozót regisztráltak.| Március eleje óta Sanghajban 205 ezer esetet azonosítottak, köztük 6300 embernél jelentkeztek a Covid-19 enyhébb tünetei.||


A járvány nem ért véget: katonai orvosokat küldött a kínai hadsereg Sanghajba a 25 milliós lakosság tesztelésére
					Katonai orvosokat és egészségügyi dolgozókat küldött Sanghajba a kínai hadsereg a város mintegy 25 milliós lakosságának koronavírus-tesztelésére – jelentette hétfőn internetes kiadásában a Global Times című kínai lap.",,0
7,Kronika(RO),Jelentős lehűlésre figyelmeztetnek a meteorológusok,"								2022. április 11., 14:48																• utolsó módosítás: 2022. április 11., 14:50								",MTI,"||Az Európai Bizottság más légitársaságok mellett 21 orosz légitársaságot vett  repülésbiztonsági listájára, amely azon légitársaságok jegyzéke, amelyek az Európai Unión belül működési tilalom vagy működési korlátozás alá esnek, mert nem felelnek meg a nemzetközi biztonsági előírásoknak – közölte hétfőn a brüsszeli testület.||A bizottság szerint sérti a nemzetközi repülésbiztonsági előírásokat, hogy Oroszország márciusban önkényesen átlajstromozta a külföldi tulajdonú légi járműveket, és engedélyezte érvényes légialkalmassági bizonyítvány nélküli üzemeltetésüket.||A testület által kiadott sajtóközlemény szerint Adina Vălean közlekedésért felelős uniós biztos úgy mondta: „az orosz Szövetségi Légiközlekedési Hivatal engedélyezte, hogy az orosz légitársaságok több száz külföldi tulajdonú repülőgépet érvényes légialkalmassági bizonyítvány nélkül üzemeltessenek.| Az érintett orosz légitársaságok ezt tudatosan, a vonatkozó nemzetközi biztonsági előírások megsértésével tették.| Ez nemcsak a nemzetközi polgári repülésről szóló chicagói egyezmény egyértelmű megsértése, hanem közvetlen biztonsági fenyegetést is jelent”.||Vălean nyomatékosította: a bizottság döntése, miszerint működési tilalom alá helyeznek 21 orosz légitársaságot, nem újabb szankció Oroszországgal szemben.||„Kizárólag technikai és biztonsági okok alapján határoztunk így, nem keverjük össze a biztonságot a politikával” – hangsúlyozta.||Hétfőn a bizottság a 21 orosz légitársasággal együtt 117 légitársaságot tiltott ki az EU légtéréből.| 15 különböző államban engedélyezett 90 légitársaságot azért, mert ezen államok légiközlekedési hatóságai nem végeznek megfelelő biztonsági ellenőrzést, 6 más államból származó légitársaságot pedig bizonyított súlyos biztonsági hiányosságok miatt.| Két további légitársaságra működési korlátozások vonatkoznak, és csak meghatározott típusú légi járművekkel repülhetnek az EU-ban.||Eközben a külügyminisztérium közleménye szerint Horvátország a diplomáciai kapcsolatokról szóló bécsi egyezményre hivatkozva|tizennyolc orosz diplomatát és az adminisztratív-technikai személyzet hat tagját, összesen 24 orosz nagykövetségi dolgozót utasított ki az országból.||A tárca bekérette Andrej Neszterenko zágrábi orosz nagykövetet, hogy kifejezze Horvátország leghatározottabb tiltakozását Oroszország Ukrajna elleni „brutális agressziója és az elkövetett bűncselekmények” miatt.||Az orosz nagykövetnek elmondták: Horvátország úgy döntött, a zágrábi orosz nagykövetség létszámát hozzáigazítja saját moszkvai nagykövetségének létszámához.||A közlemény szerint Zágráb ismételten felszólította az orosz felet az Ukrajna elleni katonai agresszió azonnali abbahagyására, az orosz csapatok kivonására Ukrajna egész területéről, valamint a lakosság evakuálási útvonalának és a humanitárius segélyek eljuttatásának sürgős biztosítására.| Hangsúlyozták:|Horvátország elvárja, hogy a bűncselekmények felelőseit bíróság elé állítsák.||Az Európai Unió tagállamai eddig több száz orosz diplomatát utasítottak ki az Ukrajna ellen indított háborúra válaszul.||


Borrell szerint heves harcokra lehet számítani a Donyec-medence térségében – A szankciók továbbra is napirenden vannak
					Arra számítunk, hogy a háború fokozódni fog a Donyec-medence régiójában – jelentette ki a jelen lévő újságíróknak Josep Borrell, az EU külügyi és biztonságpolitikai főképviselője.",,1
8,Kronika(RO),Borrell szerint heves harcokra lehet számítani a Donyec-medence térségében – A szankciók napirenden vannak,"								2022. április 11., 13:28								",Hírösszefoglaló,"||Jelentős lehűlésére figyelmeztető előrejelzést bocsátott ki hétfőn az Országos Meteorológiai Szolgálat (ANM).||Az Agerpres által idézett tájékoztatás szerint szerint hétfő 21 órától kedd 9 óráig rendkívül hideg lesz az egész országban.| A Kárpátok közötti területeken, helyenként Moldvában, illetve Munténia és Olténia hegyvidékén fagypont alá csökken a hőmérséklet és zúzmaraképződés várható.||Szintén hétfő 21 órától elsőfokú (sárga jelzésű) figyelmeztetés lesz érvényben az erős szél miatt Románia keleti, délkeleti és délnyugati részén.||A légmozgás sebessége meghaladhatja az 55–60 kilométert óránként, Moldvában, Dobrudzsában és Munténia keleti részén pedig a 70 kilométert óránként.|",,0
9,Kronika(RO),Közös ünnep a határon átívelő béke jegyében: három nagyváradi püspök is részt vett a debreceni virágvasárnapi keresztúton,"								2022. április 11., 13:20								",MTI,"||Arra számítunk, hogy a háború fokozódni fog a Donyec-medence régiójában – jelentette ki a jelen lévő újságíróknak Josep Borrell, az EU külügyi és biztonságpolitikai főképviselője az EU-tagállamok külügyminisztereinek hétfői luxemburgi tanácskozására érkezve.||„Attól tartok, hogy az orosz csapatok azért gyülekeznek Ukrajna keleti felében, hogy támadást indítsanak a Donyec-medence térsége ellen” – tette hozzá, azzal összefüggésben, hogy Moszkva a múlt héten kivonta erőit a főváros, Kijev környékéről.||Borrell az Oroszország elleni olajembargó esetleges bevezetésével kapcsolatban elmondta: a szankciók továbbra is napirenden vannak.| |Hozzátette: a külügyminiszterek megvitatják „a különböző lehetőségeket”, biztosítani fogják, hogy a már életbe léptetett szankciók hatékonyak legyenek, és tárgyalnak arról is, hogy segíthetnének a legjobban Ukrajnának.||A főképviselő múlt heti ukrajnai látogatásával kapcsolatban elmondta: „tanúi voltunk a történeseknek, elképesztő az orosz csapatok agressziója a polgári lakosság ellen”.||Ami Moldova és Georgia uniós csatlakozási kérelmét illeti, Borrell kijelentette: a folyamat a szokásos módon fog zajlani, első lépésként csatlakozási kérdőívet fognak nekik küldeni, ahogy Ukrajna esetében is tették.||A főképviselő arra is kitért, hogy a külügyminiszterek hétfőn megvitatják a Global Gateway elnevezésű európai beruházási kezdeményezést, amellyel az EU célja, hogy támogassa „a hasonlóan gondolkodó nemzetközi partnereket” a közelgő gazdasági válság kezelésében.||Borrell szerint, az elkövetkező gazdasági válság az egész világot érinti, mindenkinek szembe kell néznie az ukrajnai háború miatt emelkedő energia- és élelmiszerárakkal.||


Zelenszkij ismét olajembargót követelt Oroszországgal szemben: „azonnal cselekedni kell”
					Volodimir Zelenszkij ukrán elnök ismét olajembargót követelt Oroszországgal szemben szombat esti videóüzenetében.|
					

|Simon Coveney ír külügyminiszter szerint, az EU azon dolgozik, hogy az olajembargó is része legyen az Oroszország elleni következő szankciós csomagnak.| |Wopke Hoekstra holland és Gabrielius Landsbergis litván külügyminiszter szintén úgy nyilatkozott, hogy az Európai Bizottság vizsgálja az orosz kőolajipar elleni büntetőintézkedések lehetőségét.|„Megvizsgálunk más szankciós lehetőségeket is, beleértve az energiabojkottot is” – mondta a holland külügyminiszter.||Alexander Schallenberg osztrák külügyminiszter a tanácskozásra érkezve kijelentette: világossá kell tenni Vlagyimir Putyin orosz elnök számára, hogy ezt a háborút elvesztette.| Egyetlen hang sem hiábavaló, amely világossá teszi a Kreml számára, hogy elszigetelődött – mondta.||Az intézkedéseknek nem félelemből kell születniük, hanem félelmet kell kelteniük.| Még, ha a nemzetközi jogszabályok malmai lassan is, de őrölnek| – emelte ki.| Közölte továbbá, mindent erőfeszítésnek a humanitárius támogatás biztosítására kell irányulnia.| Egyetlen ezt szolgáló lehetőséget sem szabad kihasználatlanul hagyni – tette hozzá az osztrák külügyminiszter.||


Jóváhagyták az EU-tagországok az Oroszország elleni újabb szankciókat, köztük a szénimport tilalmát
					Jóváhagyták az európai uniós tagországok az Oroszország elleni újabb szankciókat, köztük a szénimport tilalmát és az orosz hajók kikötési tilalmát – jelentette be az Európai Unió Tanácsának soros francia elnöksége csütörtök este.|
					

|Annalena Baerbock német külügyminiszter közölte, Németország úgy látja, hogy jelentős bizonyítékok állnak rendelkezésre arra vonatkozóan, hogy háborús bűnöket követek el Ukrajnában.||Kiemelte, legfontosabb a bizonyítékok összegyűjtése, a felelősség megállapítása a bíróságok feladata.||Kijelentette: összehangolt terv kidolgozására van szükség az Oroszországból származó fosszilis tüzelőanyagok teljes kivonására az Európai Unió egészéből.| Közölte, a német szövetségi kormány már világossá tette, hogy a fosszilis tüzelőanyagok teljes kivezetése következik, kezdve a szénnel, majd az olajjal és a gázzal.||„Ahhoz, hogy ezt az Európai Unióban közösen végre lehessen hajtani, közös, összehangolt tervre van szükség” – húzta alá a német diplomácia vezetője.| Jean Asselborn luxemburgi külügyminiszter a francia elnökválasztás első fordulójával kapcsolatban nyilatkozott.| Mint mondta,|„Nagyon aggódom.| Remélem, hogy nem Le Pen lesz a francia elnök.",,0
10,Kronika(RO),"Tízéves gyereket ütött el egy ukrán menekült, rátámadtak a hozzátartozók","								2022. április 11., 07:57								",MTI,"||Közös ünneplésre, barkaszentelésre, keresztútjárásra és koncertekre hívták a híveket és az érdeklődőket virágvasárnap Debrecenben.| Az esemény középpontjában a határokon átívelő béke állt.| A Nagytemplom előtt megszervezett programon a történelmi egyházak debreceni elöljárói mellett három nagyváradi püspök is jelen volt.||Papp László, Debrecen polgármestere a rendezvények nyitóünnepségén, a Református Nagytemplom előtt egybegyűlteknek azt mondta, a város őrzi keresztény gyökereit, és „2022-ben az a kötelességünk, hogy gondoskodjunk arról, hogy ez a 21.| században is így maradjon”.||– utalt a polgármester arra, hogy a három debreceni mellett most első alkalommal három nagyváradi püspök is jelen volt a virágvasárnapi eseményeken.||Fekete Károly tiszántúli református püspök nagy örömnek nevezte, hogy ismét megrendezhetik a virágvasárnapi menetet, amit a koronavírus-járvány miatt két éven át csak online tartottak.| Ugyanakkor, mint mondta, nagy szomorúság, hogy az orosz-ukrán háború miatt most a békéért kell imádkozni.||– mondta Fekete Károly az MTI-nek.|||Kocsis Fülöp görögkatolikus érsek-metropolita hozzátette: a virágvasárnap igazi üzenete, hogy bár súlyos szenvedést viselt el Krisztus, de ezen keresztül hozta el nekünk a békét.| „Békét teremteni csak Krisztus tud (.|.|.|), a tűzszüneti tárgyalások nem hoznak békét, csak Krisztus tud békét hozni, ezért kell hozzá fordulnunk” – utalt az orosz–ukrán háborúra az érsek-metropolita.||Csűry István királyhágómelléki református püspök azt mondta, a felekezeti együttműködéssel is azt szeretnék elérni, hogy „a magyar közösség éber, erős közösség legyen, amely mindig tud válaszolni az aktuális kérdésekre”.||Virgil Bercea nagyváradi görögkatolikus püspök szerint a keresztény felekezetek összefogására a pandémia után és a háború idején különösen nagy szükség van.| Hozzátette: ez az összefogás másokat is megszólít arra, hogy az egységet keressék és kövessék.|||Böcskei László nagyváradi római katolikus megyés püspök beszédében Veronikáról emlékezett meg, aki a keresztúton kendőt nyújt Jézusnak, hogy enyhítse a szenvedését.||– mondta a püspök, majd hozzátette: „de ne csak nekik, a közelünkben élő szenvedőket is, magányosokat is, árvákat, betegeket is vegyük észre, és nyújtsuk nekik Veronika kendőjét testvériességben, szeretetben”.||Palánki Ferenc debrecen–nyíregyházi római katolikus megyés püspök a barkaszenteléskor arra kérte az Istent, „növeld azoknak hitét, akik benned remélnek, hallgasd meg könyörgő imánkat, hogy akik ma virágzó ágakat hozunk a diadalmasan bevonuló Krisztus király elé, a jó cselekedet gyümölcsét teremjük ő általa”.|||A barkaszentelést követően elindult a keresztútjárás a Nagytemplomtól a Szent Anna-székesegyházig, az út állomásain az elmélkedéseket nagyváradi, beregszászi és debreceni előadóművészek tolmácsolták.|",,1
11,Kronika(RO),Ki állítja meg az élelmiszerek árrobbanását?,"								2022. április 11., 12:26								",Krónika,"||Az utcán szabálytalanul átkelő tízéves gyereket gázolt el egy ukrajnai férfi Désen, a gyerek családja megtámadta és kövekkel dobálta az ukrajnai rendszámú gépkocsit.||Az eset hétfőn reggel 8 óra körül történt a Kolozs megyei kisváros Beszterce nevű utcáján.| A G4Media a rendőrségre hivatkozva arról számolt be, hogy a Szilágy megyei gyerek nem megengedett helyen kelt át az úttesten, ekkor ütötte el a 44 éves ukrán sofőr.||Az áldozatot kórházba szállították, közölte a Kolozs megyei rendőrség.| A hatóságok azt is vizsgálják, hogy|szemtanúk szerint a gyerek hozzátartozói maguk akartak bosszút állni a balesetért: kövekkel dobálták az ukrajnai menekülteket szállító autót és megtámadták az ukránokat.| A támadásban betört a gépkocsi szélvédője.||A helyi sajtó szerint a tízéves gyerek több Szilágy megyei felnőtt társaságában egy ócskavastelep előtt várakozott.| A baleset a telep előtt történt, amikor a gyerek szabálytalanul átkelt az úttesten, ő okozta.| A vizsgálat szerint a sofőr nem fogyasztott alkoholt.",,0
12,Kronika(RO),"Elhunyt Görgey Gábor Kossuth-díjas író, költő, volt magyar művelődési miniszter", ,,"||Vásárláskor az emberek kapkodják a fejüket, olyan ütemben nőnek az élelmiszerárak.| Az üzemanyagok árát valamilyen szinten sikerült féken tartani, miután az állami hatóságok sorra büntették a benzinkutakat, amelyek a világpiaci árak csökkenése ellenére is folyamatosan emelték a benzin és gázolaj árát.| Ebből is látszik, hogy a romániai gazdasági rendszerben létfontosságú az állami ellenőrzés.||A szomszédunkban zajló háború miatt könnyű mindent a nemzetközi helyzetre fogni, és azzal mentegetőzni, hogy világszerte nőnek az élelmiszerárak.| Ami alapvetően igaz, csak nem mindegy, hogy egy közel-keleti országban azért nő drasztikusan a kenyér ára, mert a búza importból származik, míg Románia bőségesen megtermeli a belföldi piac gabonaszükségletét, mégis ugyanolyan áron vásároljuk a kenyeret és az egyéb pékárukat, mint ott, ahol nem termelnek kenyérgabonát.| Az ellentmondás a csak papíron létező romániai agrárpolitikában keresendő.||Egy olyan ország, amely kiváló mezőgazdasági adottságainál fogva saját lakossága mellett legalább kétszer annyi embernek termelhetne jó minőségű élelmiszert, a belföldi piac szükségletének több mint felét importálja.| Kenyérgabonából, kukoricából és napraforgóból termelünk kivitelre, a csirkehús és a tojástermelés épp hogy fedezi a belföldi szükségletet, a disznóhús több mint hetven százalékát importból vásárolja Románia.| A behozatalból származó élelmiszerek listája hosszú, ami azzal is magyarázható, hogy az állam az államban elv alapján működő multinacionális cégek üzletláncaira a bukaresti kormánynak semmi ráhatása nincs.||Az egykori elképzelés, hogy az üzletek polcain az élelmiszerek fele legalább hazai gyártású legyen, a megszületés pillanatában elhalt.| Egy ilyen törvény megvédéshez kemény lobbierő kell, de hol van a Dâmbovița partján egy Orbán Viktorhoz mérhető politikus, aki nemzetközi ellenszélben is mindig kiáll a nemzeti érdekekért?| A bólogató Jánosként viselkedő román politikusoknak a szájuk nagy, és rendszerint nem értenek ahhoz a szakterülethez, amivel pártjuk megbízza őket.||Mit lehet például elvárni egy olyan mezőgazdasági minisztertől, aki rendőrtisztként kezdte a pályafutását – soha nem volt köze a mezőgazdasági termeléshez –, majd a végtelen lehetőségek országában pár éve elhatározta, hogy előképzettség nélkül élelmiszeriparból doktorál?||Az ilyen politikusnak milyen rálátása van az agrárágazatra és a meghozandó szakmai döntésekre?| Amikor felmerült néhány alapvető élelmiszer árstopja – amire vannak követendő példák az Európai Unióban –, a multinacionális élelmiszer-termelőket tömörítő szakmai szervezet tanácsát kérte ki.| Mire gondolt a miniszter, mit fognak válaszolni az élelmiszer-forgalmazás nagy profitjában érdekelt cégek képviselői?| Azt, hogy az ötlet kivitelezhetetlen, és élelmiszerhiány lesz az országban.| Érdekes, hogy Magyarországon nincs hiány a hatósági áron forgalmazott olajból, lisztből vagy cukorból.||A mezőgazdasági minisztérium román és magyar vezetői nem értik, hogy a kispénzű nyugdíjasok, a sokgyerekes családok és a minimálbéren tengődő alkalmazottak nagy tábora a kifizetendő számlák mellett egyre nehezebben tudja megvásárolni a napi élelmiszert.| Ha az állam direkt vagy indirekt módon nem lép közbe, a megfizethetetlen inputanyagárak miatt egyre kevesebb gazda fog talpon maradni, miközben egyre több élelmiszert fogunk importálni világpiaci áron.||Az Európai Unió legfontosabb élelmiszer-termelő országai példátlanul magas költségvetést fogadtak el idén az agrárágazat számára.| A francia, német, dán, lengyel vagy magyar kormányzat saját forrásból gyakorlatilag megduplázta az Európai Uniótól érkező agrártámogatásokat.| A román kormányban meddő vitáknál többre eddig nem futotta.| Miközben milliárdok mennek ki számolatlanul polgármesteri hivatalokhoz helyi beruházásokra, sürgősen újra kéne gondolni a romániai mezőgazdaság és élelmiszeripar szerepét a biztonságos hazai élelmiszerellátásban.",,1
13,Kronika(RO),"Borús kilátások: nő a külkereskedelmi hiány, kisebb lesz a gazdasági növekedés","								2022. április 11., 12:34								",MTI,"||Életének 93.| évében elhunyt Görgey Gábor Kossuth-díjas író, költő, színműíró, műfordító, egykori kulturális miniszter, a Magyar Televízió korábbi művészeti vezetője, a Széchenyi Irodalmi és Művészeti Akadémia és az Európai Akadémia alapítója – tudatta az MTA hétfőn az MTI-vel.||Mint a közleményben olvasható, Görgey Gábor hosszan tartó betegség után hunyt el.| Búcsúztatásáról később intézkednek.| Görgey Gábor 1929.| november 22-én született Budapesten.| Diákkorától jelentek meg versei a Vigilia című folyóiratban.| 1948-49-ben a Pázmány Péter Tudományegyetem Bölcsészettudományi Karán német-angol szakon tanult, majd politikai okból eltávolították.||1950-ben a Nemzeti Színházban statisztált és epizódszerepeket játszott.| |1951-ben származása miatt kitelepítették, 1952-ben elvitték munkaszolgálatra, 1954-ben térhetett vissza Budapestre.| 1955-ig hivatalsegédként dolgozott, 1956-ban üzemi színjátszó-csoportokat vezetett.||1959-től 1994-ig a Magyar Nemzet munkatársa, 1961 és 1969 között a Pannónia Filmstúdió dramaturgja, 1982-től 1988-ig a Szegedi Nemzeti Színház irodalmi vezetője volt.| 1992 és 1998 között a Magyar Írószövetség elnökségi tagja.||1994-től 1997-ig a Magyar Televízió művészeti vezetője.| |1994-ben megválasztották a Magyar PEN Club alelnökének.| 2001-től 2010-ig a Magyar PEN elnöke.| 2000-től a Bibó István Közéleti Társaság alapító tagja és alelnöke.| 2002-2003-ban a nemzeti kulturális örökség minisztere volt.||2004-ig a miniszterelnök kulturális főtanácsadója volt.| A Széchenyi Irodalmi és Művészeti Akadémia alapító tagja, 2000-től a European Academy of Sciences and Arts tagja volt.||Első verseskötete Füst és fény címmel jelent meg, 1956-ban, a következő 1963-ban, Délkör címmel.| |Első bemutatója Kaposvárott volt(Rokokó háború, 1967), ezt a nagysikerű Komámasszony, hol a stukker?| (1969) című dráma budapesti bemutatója követte, amit világszerte számos színházban adtak elő.||Az elsők között élt az abszurd dráma (Fejek Ferdinándnak, 1982) eszközeivel.| Műfordításainak válogatása Vadászszerencse címmel jelent meg (1974), többek között Chaucer, Shelley, Hölderlin, Brecht, Nelly Sachs verseit ültette át magyarra.||Több műve önéletrajzi ihletésű, ilyen a Galopp a Vérmezőn című drámája is, amelyben kitelepítés témáját dolgozta fel.||Az Adria szirénje című regényéért 2000-ben megkapta az Év Könyve-díjat.| Munkásságát 1980-ban József Attila-díjjal, 1995-ben, a Magyar Köztársasági Érdemrend középkeresztje kitüntetéssel ismerték el.||2005-ben MÚOSZ Aranytoll díjat, 2006-ban Kossuth-díjat kapott jelentős irodalmi munkásságáért.| Szintén 2006-ban a német Kogge nevű írószövetség tiszteletbeli gyűrűjét is megkapta.||2010-ben a Magyar Köztársasági Érdemrend Középkereszt a Csillaggal kitüntetést vehette át sokoldalú irodalmi életműve elismeréseként.| |2014-ben Szép Ernő-díjjal tüntették ki életművéért.",,0
14,Kronika(RO),"„Menteni a menthetőt”: támogatásokról, a gazdasági válságkezeléssel kapcsolatos lépésekről dönthet hétfőn a bukaresti koalíció","								2022. április 11., 11:39								",MTI,"||Csaknem 49 százalékkal, 4,581 milliárd euróra nőtt Románia külkereskedelmi mérlegének hiánya az idei első két hónapjában, közben a Világban szerint a gazdasági növekedés is jóval kisebb lesz a korábban vártnál.| |A román országos statisztikai intézet hétfői közlése szerint a hiány 1,504 milliárd euróval haladta meg a tavalyi értéket.| Az idei első két hónapban a román export 23,4 százalékkal nőtt, és elérte a 13,808 milliárd eurót, ugyanakkor az import is 28,9 százalékkal, 18,390 milliárd euróra gyorsult.||A vizsgált időszakban a kivitel 43,2 százalékát és a behozatal 32,8 százalékát autók és szállítási eszközök tették ki, mindkét oldalon ezek képezték a legnagyobb arányt.| |Februárban a román kivitel 21,9 százalékkal, 7,049 milliárd euróra nőtt, ugyanakkor a kivitel 23,8 százalékkal, 9,508 milliárd euróra gyorsult, így a külkereskedelmi mérleg hiánya 2,459 milliárd euró volt.| Az elmúlt évben 5,301 milliárd euróval, csaknem 29 százalékkal, 23,698 milliárd euróra nőtt Románia külkereskedelmi mérlegének hiánya az előző évhez mérten.||Továbbá a Világbank az idén 1,9 százalékos román gazdasági növekedésre számít, ami jelentősen elmarad a korábbi prognózisban közölt 4,3 százaléktól.| A vasárnap este közzétett jelentés szerint a GDP arányában 6,6 százalékos államháztartási hiányra számítanak.||A prognózis szerint a bukaresti kormány nem fogja tudni jelentősen csökkenteni a hiányt, mert finanszíroznia kell a gazdasági növekedést.| Középtávon a deficit csökkenésére számítanak, de nem kizárt, hogy 3 százalék fölött marad.|     |Megjegyezték azt is, hogy az orosz-ukrán háború elhúzódása akár recesszióba is vetheti a román gazdaságot.| |A gazdaság változása a koronavírus-járvány, az orosz-ukrán háború alakulásától függ – írják a jelentésben.| Hozzátették, döntő fontosságú, hogy Románia milyen mértékben tudja felhasználni a rendelkezésére bocsátott európai uniós alapokat, ugyanis ezek hatékony felhasználásától függ a fenntartható növekedési pálya megőrzése.||A Világbank január közepén csökkentette 0,2 százalékponttal, 4,3 százalékra az idei várható román gazdasági növekedést.| A mostani prognózis már figyelembe veszi az orosz-ukrán háború hatásait.||A román elemzők zöme is 0 és 2 százalék közötti gazdasági növekedésre számítanak, miután az orosz-ukrán háború alaposan megváltoztatta a kilátásokat.| |Március végén az Európai Újjáépítési és Fejlesztési Bank (EBRD) is jelentősen csökkentette az idei várható gazdasági növekedésre vonatkozó előrejelzését, a nemzetközi bank 2,8 százalékos GDP-bővülésre számít.|",,1
15,Kronika(RO),Az IT-szektorban meghaladta a 9000 lejt a nettó átlagbér,"								2022. április 10., 19:38								",Pataky István,"||Támogatásokról, a gazdasági válságkezeléssel kapcsolatos lépésekről, szociális juttatásokról is döntenek hétfőn a kormánykoalíció vezetői.| Kelemen Hunor kormányfőhelyettes, az RMDSZ elnöke a Krónikának elmondta: a kis- és közepes vállalkozások segítésével, de a nagy cégek támogatásával is igyekeznek élénkíteni a gazdaságot, és „menteni a menthetőt”.||Utalványok az alapélelmiszerek vásárlására a szegénységben élő, illetve az alacsony jövedelmű családoknak (50 euró/utalvány kéthavonta az idei év végéig), havi utalványok az oktatási időszakban a szociális ösztöndíjas diákoknak (30 euró/utalvány), az alkalmazottak étkezési utalványának megemelése 30 lejes értékre, hitelmoratórium – sajtóértesülések szerint ezeket a lépéseket is tervezi a kormány a készülő mentőcsomag keretében.||Konkrétumokról még nem tudott beszámolni lapunknak Kelemen Hunor miniszterelnök-helyettes, de azt megerősítette, hogy számos támogatással kapcsolatos javaslat van a mai koalíciós egyeztetés napirendjén.||„A végleges döntések gazdasági, szociális kérdéseket érintenek.| Olyan beruházásokról, támogatásokról is egyeztetünk, amelyekkel a gazdaságot élénkíteni lehet, illetve menteni, ami menthető.| A hét folyamán sürgősségi kormányrendeletet tervezünk beterjeszteni, az közberuházások keretében zajló építkezések ügyében.||– mondta az RMDSZ elnöke.||A Ziarul Financiar a napokban arról írt, hogy átlagosan 170,10 lejbe került az építőiparban használt szendvicspanelek négyzetmétere márciusban, míg egy évvel korábban 76,70 lej volt az átlagár.| A nemesvakolatok ára 40, a tégláé 36 százalékkal emelkedett.| A lap az ágazati vállalkozók véleményére hivatkozva azt írta, idén nagymértékben emelkedni fog a fizetésképtelenné váló, csődbe jutott építkezési cégek száma.|||Néhány nappal ezelőtt Marcel Ciolacu szociáldemokrata pártelnök is arról beszélt, hogy az építőanyagok árával kapcsolatos rendelet prioritást jelent a kormány számára.| Mint fogalmazott: országszerte stagnálnak a beruházások az építőanyagok drágulása miatt, amit „az ostoba ukrajnai háború” idézett elő.||Kelemen Hunor lapunknak azt is elmondta: a kis- és közepes vállalkozásokat is egy kisebb, úgynevezett de minimis állami támogatásban részesítenék, a nagy cégek esetében pedig nagyobb mértékű támogatással próbálják segíteni versenyképességük megőrzésében, valamint abban, hogy meg tudják tartani piacaikat.||Megerősítette: lesznek szociális jellegű döntések a rászorulók számára.| Arról tájékoztatott, hogy a hosszú ideje halogatott offshore-törvény is terítékre kerül a héten.| Mint ismeretes, ez jelentené az első lépést ahhoz, hogy 2026 magasságában elkezdődhessen a Fekete-tengeri gázkitermelés a nagyobbik lelőhelyen.| |Kelemen Hunor lapunknak azt is elmondta: a kis- és középvállalkozásokat is egy kisebb, úgynevezett minimis állami támogatásba részesítenénk, a nagy cégek esetében pedig nagyobb mértékű támogatással próbálják segíteni versenyképességük megőrzésében, valamint abban, hogy meg tudják tartani piacaikat.| Megerősítette: lesznek szociális jellegű döntések a rászorulók számára.| Arról tájékoztatott, hogy a hosszú ideje halogatott offshore törvény is terítékre kerül a héten.| Ez jelentené az első lépést ahhoz, hogy 2026 magasságában elkezdődhessen a Fekete-tengeri gázkitermelés a nagyobbik lelőhelyen.| |


Tizenhétmilliárd lejt osztanak szét a kormány gazdasági és szociális intézkedéscsomagjából
					Marcel Ciolacu, a Szociáldemokrata Párt (PSD) elnöke szombaton tartott sajtótájékoztatóján elmondta, hogy hétfőn ismertetik a Támogatás Romániának elnevezésű gazdasági és szociális intézkedéscsomagot.|
					

|Amint arról beszámoltunk, Marcel Ciolacu, a Szociáldemokrata Párt (PSD) elnöke szombati sajtótájékoztatóján szintén arról beszélt, hogy a mai koalíciós ülés után ismertetik a lakosság és a gazdaság védelmét célzó, 17,3 milliárd lejes összértékű, Támogatás Romániának elnevezésű gazdasági és szociális intézkedéscsomagot.| Megemlítette azt is, hogy több a gazdaság védelmét célzó, mint a szociális jellegű intézkedés a csomagban.",,1
16,Kronika(RO),Nagyobb sebességbe kapcsolt a Dacia és a Ford: közel 16 százalékkal nőtt a romániai járműgyártás az első negyedévben,"								2022. április 11., 10:50								",Hírösszefoglaló,"||Az országos nettó átlagbér 2022 februárjában 3721 lej volt Romániában, 23 lejjel (0,6 százalékkal) nagyobb, mint januárban; a bruttó átlagbér 28 lejjel 6059 lejre nőtt – közölte hétfőn az Országos Statisztikai Intézet (INS).||A legnagyobb nettó átlagbért, 9093 lejt, az információtechnológiai ágazatban (beleértve az informatikai szolgáltatásokat) jegyezték, a legkisebbet – 2016 lejt – pedig a vendéglátóiparban.||Az országos nettó átlagbér 10,6 százalékkal nőtt februárban 2021 második hónapjához képest.| |Ugyanakkor a reálbérindex 101,9 százalékos volt a múlt év azonos hónapjához decemberéhez mérten, míg idén januárhoz viszonyítva 100 százalékos.||Az Agerpres által idézett adatsorok szerint a bizonyos gazdasági ágazatokban nőtt, más ágazatokban csökkent az átlagbér februárban januárhoz képest.| A növekedés magyarázata az, hogy bizonyos vállalatok alkalmazottai februárban eseti juttatásban (például éves prémiumban) részesültek, több cégnek pedig nőttek a bevételei.||A közalkalmazotti szférában enyhén nőtt a nettó átlagbér februárban az előző hónaphoz képest: |0,6 százalékkal a tanügyben és 0,5 százalékkal a közigazgatásban.| Az egészségügyben és a szociális gondozás területén 0,4 százakkal csökkent a nettó átlagbér januárhoz képest – közölte az Agerpres hírügynökség.",,1
17,Kronika(RO),"Zelenszkij: Moszkva nem képes elismerni Ukrajna-politikájának hibáit – Kuleba: ha NATO-tagok lennénk, ez nem történt volna meg","								2022. április 11., 10:20								",MTI,"||Romániában csaknem 16 százalékkal nőtt a járműgyártás az első negyedévben, miután a két gyártó, a francia Renault tulajdonában levő Dacia és az amerikai Ford összesen 136 301 járművet szerelt össze – adta hírül hétfőn a Ziarul Financiar című román gazdasági napilap.||Ebből 75 437 autót a Dacia, 60 864-et a Ford állított elő.| Az első két hónapban még csak 1,9 százalékos volt a növekedés.| Márciusban a két gyártó együttvéve 57 019 autót szerelt össze, ami|a tavalyi év harmadik hónapjához képest csaknem 43 százalékos növekedés.||Ebből 34 743-at a Dacia és 22 276-ot a Ford gyártott.||A lap megemlíti, hogy a gyártóknak már több mint két éve nem volt ilyen jó eredményük a termelést illetően, hiszen|a márciushoz hasonló termelési adatot legutóbb 2019 második felében jegyeztek fel, amikor még sem a koronavírus-járvány, sem az elektromos félvezetők hiánya nem nehezítette a gyártást.| |Felidézte, hogy 2020-ban két hónapig a járvány miatt, 2021-ben pedig ugyanilyen hosszú ideig az elektromos félvezetők hiánya miatt kellett szüneteltesse a termelést a Dacia és a Ford a romániai üzemeikben.||


Közel tíz százalékkal esett vissza januárban a romániai személygépkocsi-gyártás
					Idén januárban 8,48 százalékkal esett vissza az előző év januárjához képest a személygépkocsi-gyártás Romániában, összesen 35 171 jármű hagyta el a gyártósort – derül ki a Romániai Gépkocsigyártók Egyesületének (ACAROM) hétfőn közzétett adatsorából.|
					

|Tavaly egész évben a két gyártó 420 755 járművet állított elő, 4 százalékkal kevesebbet, mint 2020-ban.| 2019-ben 490 412 járművet gyártottak, ami 2,9 százalékos növekedés volt az előző évhez mérten.||


Kolozs megyében építhet gyárat a Škoda sajtóértesülések szerint
					Kolozsvár környéki beruházást fontolgat egy autóipari cég, egy 150 hektáros terület iránt érdeklődnek a készülő Tetarom 5.| ipari parkban – jelentette be a napokban Alin Tişe, a Kolozs megyei közgyűlés elnöke.",,0
18,Kronika(RO),Januárban eltűnt férfi holttestét találták meg a Szamosban,"								2022. április 11., 08:53								",MTI,"||Oroszország nem képes elismerni Ukrajna-politikájának hibáit – jelentette ki Volodimir Zelenszkij ukrán elnök vasárnap esti videóüzenetében.||„Félnek annak elismerésétől, hogy évtizedeken át helytelen álláspontot képviseltek és hatalmas forrásokat költöttek olyan emberi nullák támogatására, akiket az ukrán–orosz barátság jövendőbeli hőseivé akartak tenni” – hangoztatta Zelenszkij.| Mint mondta, Moszkva próbálkozása, hogy saját embereit juttassa hatalomra Ukrajnában, nem működött.| „Mert ezek a személyek csak abban voltak gyakorlottak, hogy saját zsebeikbe tömjék az Oroszországból kapott pénzt” – fogalmazott Zelenszkij, aki szerint a hibák eltussolására újabb hibákat követtek el, s a politikai eszközök hiányában Moszkva végül a háború megindítása mellett döntött.||Zelenszkij szerint Oroszország mindenben Ukrajnát hibáztatja.| Hozzátette, hogy eljön a nap, amikor Oroszországnak el kell ismernie az igazságot.||Dmitro Kuleba ukrán külügyminiszter közben az amerikai NBC hírtelevízió műsorában arról beszélt, hogy stratégiai hiba volt Franciaország és Németország részéről, hogy ellenezték 2008-ban Ukrajna NATO csatlakozását.| Mint mondta, ennek most látja kárát hazája.| „Ha NATO-tagok lennénk, ez a háború nem történt volna meg” – hangsúlyozta Kuleba.||Az ukrán külügyminiszter egyben azzal vádolta Németországot, hogy nem támogatja kellőképpen Ukrajnát, mert szerinte még mindig védelmi és támadó fegyverek kategóriáiban gondolkozik a fegyverzet tekintetében.| |Hozzátette, hogy Ukrajna sokkal erősebb helyzetben volna most, ha Berlin nem pazarolt volna annyi időt erre a különbségtételre.||Kuleba szerint Kijev tisztességes alkut ajánl a NATO-nak, illetve a nyugati országoknak.||– mondta az ukrán diplomácia vezetője az észak-atlanti szervezet alapokmányának 5.| cikkelyére utalva, amely kimondja, hogy ha valamelyik tagállamot támadás éri, azt a NATO egésze elleni támadásnak tekintik.| Az említett cikkely hatálya azonban nem terjed ki a nem NATO-tagállam Ukrajnára.| „Ukrajna megnyerte a Kijevért folytatott csatát.| Most egy másik ütközet közeleg, a Donbaszért folytatott csata” – fűzte hozzá Kuleba.||


Újabb tömegsírt találtak egy Kijevtől nyugatra fekvő faluban, több tucat megkínzott ember holtteste hevert egy gödörben
					Újabb tömegsírt találtak az ukrán fővárostól, Kijevtől nyugatra fekvő Buzova faluban – jelentette be Tarasz Gyidics helyi polgármester egy vasárnapi tévéműsorban.|
					

|Az ukrán sajtó hétfőre virradóra erős robbanásokról adott hírt az északkeleti Harkiv és a déli fekvésű Mikolajiv térségéből.||„Az orosz hadsereg továbbra is a kelet-ukrajnai minimáltervének megvalósításán dolgozik” – közölte hétfőre virradóra Hanna Maljar, az ukrán védelmi miniszter helyettese.| A védelmi tisztségviselő, akit az UNIAN ukrán hírügynökség idézett beszélt arról is, hogy a kijevi vezetés időközben folytatja a mozgósítást és az újoncok kiképzését.||Az ukrán vezérkar azzal számol, hogy az orosz csapatok hamarosan újabb offenzívát indítanak Kelet-Ukrajna teljes elfoglalása érdekében.| Ehhez jelenleg Oroszországból újabb alakulatok érkeznek és feltöltik a leharcolt egységeket.| A támadások súlypontjai várhatóan Harkiv és Szlovjanszk lesznek.||Ramzan Kadirov csecsen vezető hétfőre virradóra Telegram-oldalán újabb orosz offenzívát jelentett be nemcsak az ostromlott Mariupol kikötőjének elfoglalására, de Kijev és más ukrán városok ellen is.||„Először teljesen felszabadítjuk Luhanszkot és Donyecket… aztán bevesszük Kijevet és a többi várost is” – hangoztatta Kadirov, akinek alakulatai az orosz csapatok oldalán harcolnak Ukrajnában.||A The Times hétfői számában arról cikkez, hogy Svédország és Finnország már a nyáron készek lennének belépni a NATO-ba.| A brit lapnak nyilatkozó amerikai tisztségviselők szerint a két észak-európai állam NATO csatlakozása az észak-atlanti szövetség utóbbi hetekben tartott külügyminiszteri tanácskozásain beszédtéma volt.| Az üléseken Finnország és Svédország is képviseltette magát.| A The Times forrásaira hivatkozva arról ír, hogy Oroszország azzal, hogy bevonult Ukrajnába, hatalmas stratégiai hibát követett el.||


Zelenszkij ismét olajembargót követelt Oroszországgal szemben: „azonnal cselekedni kell”
					Volodimir Zelenszkij ukrán elnök ismét olajembargót követelt Oroszországgal szemben szombat esti videóüzenetében.",,0
19,Kronika(RO),"Újabb tömegsírt találtak egy Kijevtől nyugatra fekvő faluban, több tucat megkínzott ember holtteste hevert egy gödörben","								2022. április 11., 09:45								",Hírösszefoglaló,"||Januárban eltűntnek nyilvánított, 58 éves besztercei férfi holttestét halászták ki a Szamosból vasárnap a várostól több mint 40 kilométerre, Felőr község közelében – közölte hétfőn a Beszterce-Naszód megyei rendőrség.||A holttestet előbb a Sajó vizében, Kentelke térségében látták meg vasárnap délután a helyiek, négy órával később a Szamosból vitték ki a partra a tűzoltók.||A rendőrség közleménye szerint a törvényszéki orvos megállapította, hogy a holttest egy január 19-én eltűntnek nyilvánított, 58 éves férfié.| |Halálának okát a kórbonctani vizsgálat fogja feltárni.||A rendőrség gondatlanságból elkövetett emberölés gyanújával nyomoz az ügyben – írja az Agerpres.",,1
